crashid,date,hour,day,city_section,highwayid,milepost,lat,lon,road_type,road_desc,street_name,isect_num,lane_quantity,crash_severity,volume,speed,weather1,weather2,precip,temp,wind,cloud,visibility,road_cond,light_cond
1642319,2016-01-17,17:00:00,SUNDAY,Portland SW,1,299.5,45.493892,-122.673636,MN,STRGHT,PACIFIC HY I-5,9481,6,FAT,967.00,55.00,Mostly Cloudy,CLD,0.0008,46.75,1.15,0.71,9,DRY,DLIT
1655870,2016-01-02,14:00:00,SATURDAY,Portland N,1,308,45.616508,-122.676411,MN,BRIDGE,PACIFIC HY I-5,9458,3,INJ,732.00,14.67,Clear,CLR,0,34.15,6.5,0,9,DRY,DAY
1655977,2016-01-02,14:00:00,SATURDAY,Portland N,1,302.5,45.537758,-122.669192,MN,STRGHT,PACIFIC HY I-5,9432,6,INJ,1351.00,50.00,Clear,CLR,0,34.15,6.5,0,9,DRY,DAY
1656019,2016-01-02,01:00:00,SATURDAY,Portland NE,1,302.5,45.534369,-122.665719,CN,INTER,NE WEIDLER ST,9434,,INJ,186.00,58.50,Clear,CLR,0,29.55,7.86,0,9,DRY,DLIT
1656383,2016-01-03,08:00:00,SUNDAY,Portland N,1,303.5,45.546933,-122.678439,MN,CURVE,PACIFIC HY I-5,9430,4,INJ,261.00,43.50,Overcast,SNOW,0,27.02,5.49,1,3,ICE,DAY
1656396,2016-01-04,22:00:00,MONDAY,Portland N,1,303.5,45.549219,-122.678753,MN,STRGHT,PACIFIC HY I-5,9430,8,INJ,377.00,59.00,Partly Cloudy,RAIN,0,33.94,2.6,0.39,7,WET,DLIT
1657252,2016-01-14,05:00:00,THURSDAY,Portland NE,1,301.5,45.525956,-122.665436,MN,STRGHT,PACIFIC HY I-5,9448,6,INJ,436.00,55.50,Drizzle,RAIN,0.0076,42.34,0.26,1,6,WET,DARK
1657503,2016-01-17,07:00:00,SUNDAY,Portland Bridges,1,300.5,45.507844,-122.669319,MN,BRIDGE,MARQUAM BRIDGE,9452,5,INJ,130.00,60.33,Light Rain,RAIN,0.0841,45.28,3.87,1,6,WET,DLIT
1657574,2016-01-26,07:00:00,TUESDAY,Portland N,1,302.5,45.539944,-122.671036,MN,STRGHT,PACIFIC HY I-5,9432,6,INJ,1565.00,39.00,Overcast,RAIN,0.0013,48.1,0.94,1,9,WET,DAY
1657612,2016-01-29,15:00:00,FRIDAY,Portland SE,1,301,45.519494,-122.665922,CN,STRGHT,NB EF MORRISN BR C3,9451,1,INJ,797.00,43.50,Possible Drizzle,RAIN,0.0009,48.94,4.92,1,9,WET,DAY
1657684,2016-01-30,20:00:00,SATURDAY,Portland N,1,308,45.605275,-122.684772,CN,STRGHT,SB EXTO MARINE DR,1617,1,INJ,703.00,57.00,Possible Drizzle,CLR,0.0037,39.46,0.91,0.4,9,DRY,DARK
1657812,2016-01-17,19:00:00,SUNDAY,Portland Bridges,1,300.5,45.508406,-122.668347,MN,BRIDGE,MARQUAM BRIDGE,9452,3,INJ,330.00,57.33,Overcast,RAIN,0,45.05,0.8,0.89,9,WET,DLIT
1658067,2016-01-19,00:00:00,TUESDAY,Portland N,1,302.5,45.535533,-122.667342,MN,STRGHT,PACIFIC HY I-5,9432,6,INJ,232.00,56.50,Overcast,RAIN,0.0002,44.79,0.63,1,9,WET,DAY
1658473,2016-01-22,23:00:00,FRIDAY,Portland N,1,306,45.582761,-122.678864,MN,STRGHT,PACIFIC HY I-5,9413,4,INJ,389.00,65.00,Clear,CLR,0,48.1,1.84,0.13,9,DRY,DLIT
1658962,2016-02-04,18:00:00,THURSDAY,Portland N,1,302.5,45.538731,-122.670036,MN,STRGHT,PACIFIC HY I-5,9432,8,INJ,748.00,26.50,Mostly Cloudy,CLD,0,51.24,0.95,0.79,9,DRY,DLIT
1659124,2016-02-08,15:00:00,MONDAY,Portland SW,1,299.5,45.490114,-122.675353,MN,STRGHT,PACIFIC HY I-5,9481,6,INJ,709.00,57.00,Clear,CLR,0,61.62,5.21,0.01,9,DRY,DAY
1659316,2016-02-11,13:00:00,THURSDAY,Portland Bridges,1,300.5,45.508686,-122.667861,MN,BRIDGE,MARQUAM BRIDGE,9452,3,INJ,372.00,58.33,Drizzle,CLR,0.0118,57.57,0.91,1,9,DRY,DAY
1659420,2016-02-12,22:00:00,FRIDAY,Portland N,1,302.5,45.538,-122.669408,MN,STRGHT,PACIFIC HY I-5,9432,6,INJ,504.00,57.00,Mostly Cloudy,CLR,0,46.6,0.54,0.64,9,DRY,DLIT
1659473,2016-02-13,15:00:00,SATURDAY,Portland SW,1,300,45.505622,-122.673478,MN,BRIDGE,SB EF MARQUAM BR,9496,2,INJ,850.00,35.00,Overcast,RAIN,0.0006,51.21,6.93,1,9,WET,DAY
1659627,2016-04-05,05:00:00,TUESDAY,Portland SE,1,301,45.517614,-122.665625,CN,BRIDGE,NB ENFR MORRISON ST,160,1,FAT,387.00,58.00,Overcast,CLD,0,45.71,0.21,1,9,DRY,DARK
1660104,2016-02-20,14:00:00,SATURDAY,Portland NE,1,302,45.529956,-122.665356,MN,BRIDGE,PACIFIC HY I-5,9435,6,INJ,1282.00,39.00,Clear,CLR,0,52.72,2.01,0.13,9,DRY,DAY
1660268,2016-02-12,17:00:00,FRIDAY,Portland SE,1,301,45.516558,-122.667344,MN,STRGHT,PACIFIC HY I-5,9439,6,INJ,574.00,41.50,Clear,CLR,0,54.28,1.34,0.23,9,DRY,DAY
1660357,2016-02-22,16:00:00,MONDAY,Portland N,1,308,45.613367,-122.678267,MN,BRIDGE,PACIFIC HY I-5,9458,3,INJ,1100.00,17.33,Clear,CLR,0,51.27,0.86,0.09,9,DRY,DAY
1661249,2016-03-05,02:00:00,SATURDAY,Portland SW,1,299.5,45.496117,-122.673531,MN,STRGHT,PACIFIC HY I-5,9493,6,INJ,127.00,58.00,Light Rain,RAIN,0.0532,50.2,2.84,1,9,WET,DLIT
1661326,2016-03-07,22:00:00,MONDAY,Portland Bridges,1,300.5,45.5085,-122.668186,MN,STRGHT,MARQUAM BRIDGE,9453,3,INJ,130.00,58.33,Partly Cloudy,CLR,0,42.83,0.51,0.4,9,DRY,DLIT
1661385,2016-02-28,10:00:00,SUNDAY,Portland N,1,305.5,45.578178,-122.677781,CN,CURVE,NB EX LOMBARD WB C2,322,1,INJ,1067.00,58.67,Light Rain,RAIN,0.0212,51.81,5.6,1,9,WET,DAY
1661466,2016-03-09,21:00:00,WEDNESDAY,Portland N,1,305.5,45.577225,-122.6775,CN,INTER,N LOMBARD ST,9418,,INJ,674.00,59.67,Drizzle,RAIN,0.0031,51.44,2.92,1,9,WET,DLIT
1661565,2016-02-29,00:00:00,MONDAY,Portland N,1,305,45.572872,-122.678744,MN,STRGHT,PACIFIC HY I-5,9420,6,INJ,215.00,56.50,Mostly Cloudy,CLR,0,46.2,1.25,0.79,9,DRY,DAY
1661583,2016-02-29,08:00:00,MONDAY,Portland N,1,307.5,45.602969,-122.683217,MN,STRGHT,PACIFIC HY I-5,609,6,INJ,775.00,60.67,Light Rain,RAIN,0.0196,45.52,0.76,1,6,WET,DAY
1661765,2016-03-11,18:00:00,FRIDAY,Portland NE,1,301.5,45.525803,-122.665444,MN,STRGHT,PACIFIC HY I-5,9448,6,INJ,983.00,25.50,Possible Drizzle,CLR,0.002,51.81,2.92,1,9,DRY,DAY
1662040,2016-03-20,15:00:00,SUNDAY,Portland NE,1,302,45.528903,-122.665375,MN,STRGHT,PACIFIC HY I-5,9436,6,INJ,1081.00,49.50,Light Rain,RAIN,0.0236,53.43,4.03,1,9,WET,DAY
1662095,2016-03-13,18:00:00,SUNDAY,Portland NE,1,301.5,45.525653,-122.665453,MN,STRGHT,PACIFIC HY I-5,9448,4,INJ,1198.00,39.00,Drizzle,CLR,0.007,48.4,6.03,0.73,9,DRY,DAY
1662104,2016-03-19,12:00:00,SATURDAY,Portland N,1,308,45.613236,-122.678344,MN,BRIDGE,PACIFIC HY I-5,9458,6,INJ,1074.00,18.33,Partly Cloudy,CLD,0,60.28,8.05,0.4,9,DRY,DLIT
1662231,2016-03-14,15:00:00,MONDAY,Portland Bridges,1,300.5,45.508219,-122.668672,MN,BRIDGE,MARQUAM BRIDGE,9453,6,INJ,462.00,59.67,Drizzle,RAIN,0.0117,49.48,8.96,1,8,WET,DAY
1662257,2016-03-21,06:00:00,MONDAY,Portland NE,1,302.5,45.534369,-122.665719,CN,INTER,NE WEIDLER ST,9434,,INJ,1485.00,43.50,Light Rain,RAIN,0.0201,48.11,1.01,1,9,WET,DAY
1662475,2016-03-23,15:00:00,WEDNESDAY,Portland N,1,302.5,45.536883,-122.667986,CN,STRGHT,NB EF WILLIAMS C2,2639,2,INJ,1240.00,44.50,Overcast,RAIN,0,53.43,4.24,1,9,WET,DAY
1662532,2016-03-23,00:00:00,WEDNESDAY,Portland N,1,305,45.570839,-122.678719,MN,STRGHT,PACIFIC HY I-5,9420,4,INJ,398.00,57.00,Overcast,CLR,0,47.43,0.84,0.99,9,DRY,DAY
1662993,2016-03-28,15:00:00,MONDAY,Portland N,1,302.5,45.536883,-122.667986,CN,STRGHT,NB EF WILLIAMS C2,267,2,INJ,1110.00,51.00,Mostly Cloudy,CLR,0,53.79,3.25,0.76,9,DRY,DAY
1663285,2016-03-30,08:00:00,WEDNESDAY,Portland N,1,307.5,45.605944,-122.682294,MN,STRGHT,PACIFIC HY I-5,9902,3,INJ,815.00,63.00,Clear,CLR,0,42.19,0.64,0,9,DRY,DAY
1663333,2016-04-03,21:00:00,SUNDAY,Portland N,1,304,45.553167,-122.678753,MN,STRGHT,PACIFIC HY I-5,9429,6,INJ,761.00,56.00,Overcast,CLR,0.0008,60.99,8.05,1,9,DRY,DLIT
1663429,2016-03-31,17:00:00,THURSDAY,Portland SE,1,300.5,45.509092,-122.667256,MN,STRGHT,PACIFIC HY I-5,9452,3,INJ,574.00,36.00,Clear,UNK,0,73.79,2.01,0.12,9,UNK,DAY
1663713,2016-04-01,21:00:00,FRIDAY,Portland N,1,302.5,45.538972,-122.670236,MN,STRGHT,PACIFIC HY I-5,9432,7,INJ,1128.00,53.00,Clear,CLR,0,63.66,0.28,0,9,DRY,DLIT
1663761,2016-04-04,10:00:00,MONDAY,Portland N,1,305,45.573064,-122.678742,MN,STRGHT,PACIFIC HY I-5,9420,4,INJ,1156.00,54.00,Mostly Cloudy,RAIN,0,50.37,2.92,0.87,9,WET,DAY
1663927,2016-04-06,14:00:00,WEDNESDAY,Portland SW,1,300,45.502725,-122.674506,MN,STRGHT,SB EF MARQUAM BR,9496,2,INJ,831.00,12.50,Clear,CLR,0,66.22,2.38,0.06,9,DRY,DAY
1664381,2016-07-13,13:00:00,WEDNESDAY,Portland Bridges,1,300.5,45.507097,-122.670614,MN,BRIDGE,MARQUAM BRIDGE,9452,4,INJ,408.00,56.67,Clear,CLR,0,74.03,6.03,0.23,9,DRY,DAY
1664522,2016-04-09,00:00:00,SATURDAY,Portland N,1,305,45.572211,-122.678744,MN,STRGHT,PACIFIC HY I-5,9420,4,INJ,427.00,57.50,Clear,CLR,0,58.66,6.03,0,9,DRY,DAY
1664580,2016-07-09,16:00:00,SATURDAY,Portland NE,1,302,45.528903,-122.665375,MN,STRGHT,PACIFIC HY I-5,9436,6,INJ,1037.00,32.50,Mostly Cloudy,CLR,0,70.9,4.96,0.75,9,DRY,DAY
1664621,2016-06-05,16:00:00,SUNDAY,Portland N,1,308,45.611722,-122.679153,MN,BRIDGE,PACIFIC HY I-5,9458,6,FAT,765.00,51.00,Clear,CLR,0,99.54,2.92,0,9,DRY,DAY
1665779,2016-04-28,13:00:00,THURSDAY,Portland Bridges,1,300.5,45.507658,-122.669642,MN,BRIDGE,MARQUAM BRIDGE,9551,3,INJ,313.00,58.33,Mostly Cloudy,CLR,0,57.57,4.03,0.83,9,DRY,DAY
1666205,2016-04-13,08:00:00,WEDNESDAY,Portland N,1,305,45.570703,-122.678717,MN,STRGHT,PACIFIC HY I-5,9420,4,INJ,1174.00,55.00,Mostly Cloudy,CLR,0,48.75,0.72,0.79,9,DRY,DAY
1666268,2016-04-06,14:00:00,WEDNESDAY,Portland NE,1,302,45.530589,-122.66535,MN,BRIDGE,PACIFIC HY I-5,9435,6,INJ,1108.00,44.00,Clear,CLR,0,66.22,2.38,0.06,9,DRY,DAY
1666372,2016-04-22,16:00:00,FRIDAY,Portland N,1,302.5,45.539094,-122.670336,MN,STRGHT,PACIFIC HY I-5,9432,6,INJ,1180.00,49.00,Mostly Cloudy,CLR,0,62.61,4.92,0.75,9,DRY,DAY
1666761,2016-05-02,07:00:00,MONDAY,Portland NE,1,302,45.530589,-122.66535,MN,STRGHT,PACIFIC HY I-5,9435,6,INJ,1178.00,49.50,Clear,CLR,0,58.29,0.57,0.08,9,DRY,DAY
1666887,2016-05-02,15:00:00,MONDAY,Portland N,1,307.5,45.606778,-122.682031,MN,BRIDGE,PACIFIC HY I-5,9902,7,INJ,1199.00,18.33,Clear,CLR,0,87.44,4.03,0,9,DRY,DAY
1666967,2016-06-14,22:00:00,TUESDAY,Portland N,1,304.5,45.5638,-122.678706,MN,STRGHT,PACIFIC HY I-5,9424,6,INJ,930.00,58.50,Overcast,RAIN,0.0004,51.63,2.92,0.89,9,WET,DLIT
1666968,2016-05-04,08:00:00,WEDNESDAY,Portland N,1,307,45.593525,-122.683431,MN,STRGHT,PACIFIC HY I-5,9411,6,INJ,686.00,60.50,Mostly Cloudy,CLR,0,53.61,1.85,0.82,9,DRY,DAY
1667091,2016-07-07,09:00:00,THURSDAY,Portland N,1,302.5,45.538731,-122.670036,MN,STRGHT,PACIFIC HY I-5,9432,7,INJ,1269.00,50.00,Mostly Cloudy,CLR,0,61.35,4.03,0.72,9,DRY,DAY
1667235,2016-07-28,15:00:00,THURSDAY,Portland SE,1,301,45.519003,-122.666156,CN,STRGHT,NB EF MORRISN BR C3,9451,1,INJ,588.00,42.50,Clear,CLR,0,89.02,3.79,0,9,DRY,DAY
1667289,2016-08-02,14:00:00,TUESDAY,Portland N,1,304.5,45.5638,-122.678706,MN,STRGHT,PACIFIC HY I-5,9424,6,INJ,1325.00,48.50,Mostly Cloudy,CLR,0,72.16,2.01,0.79,9,DRY,DAY
1667333,2016-05-06,08:00:00,FRIDAY,Portland SE,1,301,45.516269,-122.667408,MN,STRGHT,PACIFIC HY I-5,9439,5,INJ,977.00,25.00,Clear,CLR,0,58.29,1.35,0.1,9,DRY,DAY
1667357,2016-08-16,11:00:00,TUESDAY,Portland SE,1,301.5,45.522006,-122.665625,MN,STRGHT,PACIFIC HY I-5,9439,6,INJ,601.00,48.50,Mostly Cloudy,CLR,0,63.16,2.37,0.87,9,DRY,DAY
1667368,2016-05-06,15:00:00,FRIDAY,Portland SW,1,300,45.502,-122.674317,MN,STRGHT,SB EF MARQUAM BR,9496,2,INJ,696.00,8.00,Clear,CLR,0,80.7,3.51,0.09,9,DRY,DAY
1667380,2016-05-06,21:00:00,FRIDAY,Portland N,1,305,45.570289,-122.678708,MN,STRGHT,PACIFIC HY I-5,9420,4,INJ,883.00,53.50,Clear,CLR,0,73.37,3.25,0,9,DRY,DLIT
1667475,2016-05-07,10:00:00,SATURDAY,Portland N,1,302.5,45.537514,-122.668978,MN,STRGHT,PACIFIC HY I-5,9432,6,INJ,939.00,36.00,Clear,CLR,0,70,1.16,0,9,DRY,DAY
1667560,2016-05-07,10:00:00,SATURDAY,Portland N,1,303.5,45.549361,-122.678753,MN,STRGHT,PACIFIC HY I-5,9430,8,INJ,683.00,60.00,Clear,CLR,0,70,1.16,0,9,DRY,DAY
1667728,2016-05-09,17:00:00,MONDAY,Portland NE,1,302,45.529536,-122.665364,MN,STRGHT,PACIFIC HY I-5,9436,6,INJ,510.00,53.50,Clear,CLR,0,67.11,3.19,0.1,9,DRY,DAY
1667910,2016-05-14,14:00:00,SATURDAY,Portland N,1,305,45.568917,-122.678683,MN,STRGHT,PACIFIC HY I-5,9421,6,INJ,0.00,,Possible Drizzle,RAIN,0.0025,56.31,0.98,1,6,WET,DAY
1668206,2016-05-05,06:00:00,THURSDAY,Portland SE,1,301.5,45.521408,-122.665739,MN,STRGHT,PACIFIC HY I-5,9439,5,INJ,797.00,52.00,Overcast,CLR,0,53.43,1.23,1,9,DRY,DAY
1668360,2016-05-19,17:00:00,THURSDAY,Portland N,1,304,45.559647,-122.678667,MN,STRGHT,PACIFIC HY I-5,9424,6,INJ,554.00,9.00,Possible Drizzle,CLD,0.0081,52.9,0.87,0.9,9,DRY,DAY
1668752,2016-05-22,06:00:00,SUNDAY,Portland N,1,303.5,45.548361,-122.678733,MN,STRGHT,PACIFIC HY I-5,9430,8,INJ,221.00,64.50,Overcast,CLR,0.0008,51.07,0.66,1,9,DRY,DAY
1668923,2016-05-24,18:00:00,TUESDAY,Portland NE,1,301.5,45.525653,-122.665453,MN,STRGHT,PACIFIC HY I-5,9448,6,INJ,681.00,54.00,Overcast,CLR,0,67.3,1.14,0.88,9,DRY,DAY
1669019,2016-05-11,08:00:00,WEDNESDAY,Portland N,1,307.5,45.604997,-122.682586,MN,STRGHT,PACIFIC HY I-5,9902,7,INJ,706.00,63.33,Clear,CLR,0,59.19,1.6,0,9,DRY,DAY
1669215,2016-05-27,16:00:00,FRIDAY,Portland NE,1,302.5,45.534369,-122.665719,CN,INTER,NE WEIDLER ST,9434,,INJ,1121.00,40.50,Overcast,CLR,0.0007,60.82,1.55,0.89,9,DRY,DAY
1669346,2016-06-03,14:00:00,FRIDAY,Portland N,1,302.5,45.538,-122.669408,MN,STRGHT,PACIFIC HY I-5,9432,6,INJ,1373.00,49.00,Clear,CLR,0,81.42,2.51,0.01,9,DRY,DAY
1669460,2016-06-04,10:00:00,SATURDAY,Portland N,1,304,45.554317,-122.678736,MN,STRGHT,PACIFIC HY I-5,9429,6,INJ,1265.00,57.50,Clear,CLR,0,80.34,8.05,0,9,DRY,DAY
1669718,2016-06-06,15:00:00,MONDAY,Portland N,1,304.5,45.564667,-122.678717,MN,STRGHT,PACIFIC HY I-5,9424,6,INJ,764.00,14.50,Clear,CLR,0,86.57,3.35,0.01,9,DRY,DAY
1669786,2016-06-07,11:00:00,TUESDAY,Portland N,1,304,45.55935,-122.678672,MN,STRGHT,PACIFIC HY I-5,9425,6,INJ,1039.00,53.50,Clear,CLR,0,74.14,1.58,0,9,DRY,DAY
1669966,2016-06-01,08:00:00,WEDNESDAY,Portland N,1,304,45.5592,-122.678672,MN,STRGHT,PACIFIC HY I-5,9424,6,INJ,849.00,56.50,Clear,CLR,0,62.61,0.86,0.01,9,DRY,DAY
1669970,2016-06-01,14:00:00,WEDNESDAY,Portland N,1,305.5,45.577225,-122.6775,CN,INTER,N LOMBARD ST,9418,,INJ,1171.00,35.67,Clear,CLR,0,78.83,4.03,0.03,9,DRY,DAY
1670062,2016-06-07,13:00:00,TUESDAY,Portland N,1,305,45.572211,-122.678744,MN,STRGHT,PACIFIC HY I-5,9420,4,INJ,1151.00,50.00,Clear,CLR,0,80.97,2.35,0.01,9,DRY,DAY
1670756,2016-06-12,18:00:00,SUNDAY,Portland NE,1,302,45.529536,-122.665364,MN,STRGHT,PACIFIC HY I-5,9436,6,INJ,1150.00,39.00,Clear,CLR,0,72.5,2.47,0.09,9,DRY,DAY
1670937,2016-06-13,17:00:00,MONDAY,Portland N,1,305,45.569878,-122.6787,MN,STRGHT,PACIFIC HY I-5,9420,6,INJ,918.00,16.00,Mostly Cloudy,CLR,0.0004,63.69,4.92,0.82,9,DRY,DAY
1671003,2016-06-13,09:00:00,MONDAY,Portland N,1,304.5,45.5638,-122.678706,MN,STRGHT,PACIFIC HY I-5,9424,6,INJ,1214.00,56.50,Overcast,CLR,0,56.49,0.99,0.99,9,DRY,DAY
1671029,2016-06-24,15:00:00,FRIDAY,Portland NE,1,301.5,45.525803,-122.665444,MN,STRGHT,PACIFIC HY I-5,9448,6,INJ,807.00,53.00,Overcast,RAIN,0,65.13,2.92,1,9,WET,DAY
1671039,2016-06-24,14:00:00,FRIDAY,Portland N,1,303.5,45.549361,-122.678753,MN,STRGHT,PACIFIC HY I-5,9430,8,INJ,1017.00,27.00,Overcast,CLR,0,67.47,2.01,1,9,DRY,DAY
1671062,2016-06-14,23:00:00,TUESDAY,Portland N,1,305,45.571525,-122.678731,MN,STRGHT,PACIFIC HY I-5,9420,6,INJ,446.00,53.50,Mostly Cloudy,CLR,0,49.86,2.92,0.79,9,DRY,DLIT
1671150,2016-06-11,15:00:00,SATURDAY,Portland NE,1,302,45.530378,-122.66535,MN,STRGHT,PACIFIC HY I-5,9435,6,INJ,1071.00,48.50,Mostly Cloudy,CLR,0,61.35,1.13,0.79,9,DRY,DAY
1671163,2016-06-25,17:00:00,SATURDAY,Portland N,1,306,45.584489,-122.679489,MN,STRGHT,PACIFIC HY I-5,9413,4,INJ,799.00,15.33,Clear,UNK,0,74.5,3.22,0,9,UNK,DAY
1671331,2016-06-16,19:00:00,THURSDAY,Portland N,1,304,45.554856,-122.677447,CN,CURVE,NB EF GOING ST C2,322,2,INJ,1274.00,52.00,Mostly Cloudy,CLR,0,63.87,0.54,0.75,9,DRY,DAY
1671390,2016-06-16,16:00:00,THURSDAY,Portland SE,1,301,45.517806,-122.665378,CN,STRGHT,NB EF MORRISN BR C3,9503,1,INJ,778.00,22.00,Partly Cloudy,CLR,0,65.67,4.92,0.45,9,DRY,DAY
1671450,2016-06-27,19:00:00,MONDAY,Portland N,1,307,45.597231,-122.684092,CN,STRGHT,NB EF VICTORY BV C1,609,1,INJ,721.00,23.50,Clear,CLR,0,81.87,3.3,0,9,DRY,DAY
1671746,2016-06-11,23:00:00,SATURDAY,Portland N,1,305.5,45.577225,-122.6775,CN,INTER,N LOMBARD ST,9418,,INJ,531.00,60.67,Clear,CLR,0,56.84,0.63,0,9,DRY,DLIT
1672169,2016-07-01,15:00:00,FRIDAY,Portland N,1,304.5,45.562622,-122.678681,MN,STRGHT,PACIFIC HY I-5,9424,6,INJ,641.00,9.00,Clear,CLR,0,74.84,2.46,0.02,9,DRY,DAY
1672293,2016-07-07,09:00:00,THURSDAY,Portland N,1,303.5,45.548217,-122.678728,MN,STRGHT,PACIFIC HY I-5,9431,8,INJ,745.00,60.00,Mostly Cloudy,CLR,0,61.35,4.03,0.72,9,DRY,DAY
1672301,2016-07-02,18:00:00,SATURDAY,Portland N,1,307.5,45.602969,-122.683217,MN,STRGHT,PACIFIC HY I-5,9701,6,INJ,951.00,48.00,Clear,CLR,0,80.33,3.14,0,9,DRY,DAY
1672315,2016-07-07,14:00:00,THURSDAY,Portland NE,1,302,45.525392,-122.661286,CN,STRGHT,NB EXTO BANFIELD C1,305,2,INJ,1050.00,44.50,Overcast,CLR,0,71.62,1.75,1,9,DRY,DAY
1672620,2016-07-05,17:00:00,TUESDAY,Portland N,1,303.5,45.558989,-122.679072,CN,INTER,N MINNESOTA AVE,9425,,INJ,835.00,13.50,Partly Cloudy,CLR,0,69.28,2.59,0.5,9,DRY,DAY
1672767,2016-07-12,07:00:00,TUESDAY,Portland N,1,307,45.599494,-122.6842,MN,STRGHT,PACIFIC HY I-5,609,6,INJ,607.00,33.00,Overcast,CLR,0,59.86,0.44,0.88,9,DRY,DAY
1673004,2016-07-13,18:00:00,WEDNESDAY,Portland SW,1,300,45.502144,-122.674364,MN,STRGHT,SB EX HOOD AVE C2,9493,2,INJ,664.00,8.00,Clear,CLR,0,75.56,4.92,0.01,9,DRY,DAY
1673050,2016-01-02,15:00:00,SATURDAY,Portland N,1,308,45.616247,-122.676564,MN,BRIDGE,PACIFIC HY I-5,9458,3,PDO,935.00,17.33,Clear,CLR,0,33.24,7.65,0,9,ICE,DAY
1673107,2016-07-16,16:00:00,SATURDAY,Portland Bridges,1,300.5,45.508219,-122.668672,MN,BRIDGE,MARQUAM BRIDGE,9452,5,INJ,256.00,61.67,Mostly Cloudy,CLR,0,72.69,4.03,0.75,9,DRY,DAY
1673134,2016-07-16,16:00:00,SATURDAY,Portland N,1,305,45.572872,-122.678744,MN,STRGHT,PACIFIC HY I-5,9420,6,INJ,1137.00,52.50,Mostly Cloudy,CLR,0,72.69,4.03,0.75,9,DRY,DAY
1673208,2016-07-14,10:00:00,THURSDAY,Portland SW,1,299.5,45.500286,-122.673706,MN,STRGHT,SB EF MARQUAM BR,9496,2,INJ,1260.00,43.33,Clear,CLR,0,64.05,2.47,0.16,9,DRY,DAY
1673848,2016-07-23,10:00:00,SATURDAY,Portland Bridges,1,300.5,45.507753,-122.669481,MN,BRIDGE,MARQUAM BRIDGE,9452,3,INJ,229.00,60.33,Overcast,CLR,0,64.77,1.28,1,9,DRY,DAY
1674124,2016-07-29,15:00:00,FRIDAY,Portland N,1,307,45.597258,-122.684622,MN,STRGHT,PACIFIC HY I-5,609,6,INJ,480.00,8.00,Clear,CLR,0,88.89,3.28,0,9,DRY,DAY
1674228,2016-08-01,19:00:00,MONDAY,Portland N,1,308,45.611125,-122.678417,CN,CURVE,NB EF JANTZN BCH C2,322,2,INJ,963.00,26.67,Clear,CLR,0,75.92,6.03,0,9,DRY,DAY
1674304,2016-08-01,15:00:00,MONDAY,Portland N,1,304,45.556075,-122.678708,MN,STRGHT,PACIFIC HY I-5,9425,6,INJ,517.00,9.00,Clear,CLR,0,75.22,3.08,0,9,DRY,DAY
1674353,2016-08-01,22:00:00,MONDAY,Portland SE,1,301.5,45.520281,-122.666078,MN,STRGHT,PACIFIC HY I-5,9439,6,INJ,269.00,55.50,Clear,CLR,0,66.22,6.93,0,9,DRY,DLIT
1674479,2016-07-28,19:00:00,THURSDAY,Portland NE,1,302.5,45.534142,-122.666292,MN,CURVE,PACIFIC HY I-5,9435,6,INJ,1031.00,52.50,Clear,CLR,0,89.64,4.04,0,9,DRY,DAY
1674729,2016-08-04,19:00:00,THURSDAY,Portland NE,1,302,45.531369,-122.665347,MN,STRGHT,PACIFIC HY I-5,9435,6,INJ,861.00,47.50,Clear,CLR,0,84.95,4.43,0,9,DRY,DAY
1674843,2016-08-10,17:00:00,WEDNESDAY,Portland Bridges,1,300.5,45.507003,-122.670775,MN,INTER,MARQUAM BRIDGE,9452,,INJ,263.00,56.33,Clear,CLR,0,76.11,6.93,0.21,9,DRY,DAY
1674861,2016-08-10,00:00:00,WEDNESDAY,Portland NE,1,302.5,45.534369,-122.665719,CN,INTER,NE WEIDLER ST,9434,,INJ,269.00,57.00,Clear,CLR,0,62.26,0.41,0.24,9,DRY,DAY
1675034,2016-08-02,07:00:00,TUESDAY,Portland N,1,307.5,45.607044,-122.6819,MN,STRGHT,PACIFIC HY I-5,9902,7,INJ,687.00,60.33,Overcast,CLD,0,60.63,0.91,0.88,9,DRY,DAY
1675058,2016-08-02,15:00:00,TUESDAY,Portland N,1,305,45.573064,-122.678742,MN,STRGHT,PACIFIC HY I-5,9420,8,INJ,821.00,16.00,Mostly Cloudy,CLR,0,72.5,2.92,0.75,9,DRY,DAY
1675192,2016-09-02,16:00:00,FRIDAY,Portland N,1,305,45.572211,-122.678744,MN,STRGHT,PACIFIC HY I-5,9420,8,INJ,753.00,10.00,Light Rain,CLR,0.0555,63.16,0.98,1,9,DRY,DAY
1675290,2016-09-03,14:00:00,SATURDAY,Portland N,1,302.5,45.537758,-122.669192,MN,STRGHT,PACIFIC HY I-5,9432,6,INJ,1538.00,32.50,Mostly Cloudy,CLR,0,65.85,2.01,0.81,9,DRY,DAY
1675301,2016-08-13,14:00:00,SATURDAY,Portland NE,1,302.5,45.534531,-122.666553,MN,STRGHT,PACIFIC HY I-5,9435,6,INJ,1068.00,51.50,Clear,CLR,0,89.99,1.68,0.09,9,DRY,DAY
1675616,2016-09-06,18:00:00,TUESDAY,Portland Bridges,1,300.5,45.507003,-122.670775,MN,INTER,MARQUAM BRIDGE,9452,,INJ,283.00,60.67,Overcast,CLR,0,67.3,0.72,0.97,9,DRY,DAY
1675623,2016-09-06,14:00:00,TUESDAY,Portland NE,1,302.5,45.534369,-122.665719,CN,INTER,NE WEIDLER ST,9434,,INJ,1616.00,34.00,Overcast,CLR,0,63.69,0.91,1,9,DRY,DAY
1675643,2016-09-06,07:00:00,TUESDAY,Portland N,1,302.5,45.546422,-122.682622,CN,INTER,N GREELEY AVE,9455,,INJ,1533.00,37.00,Light Rain,RAIN,0.0446,56.31,0.53,1,7,WET,DAY
1675656,2016-09-06,17:00:00,TUESDAY,Portland SW,1,300,45.501858,-122.674267,MN,STRGHT,SB EF MARQUAM BR,9496,4,INJ,823.00,9.00,Overcast,CLR,0,67.47,2.92,1,9,DRY,DAY
1675919,2016-08-18,09:00:00,THURSDAY,Portland N,1,308,45.617689,-122.675719,MN,BRIDGE,PACIFIC HY I-5,9458,3,INJ,953.00,54.33,Clear,CLR,0,66.76,1.41,0,9,DRY,DAY
1675965,2016-08-15,14:00:00,MONDAY,Portland Bridges,1,300.5,45.509092,-122.667256,MN,BRIDGE,MARQUAM BRIDGE,9453,3,INJ,281.00,57.00,Clear,CLR,0,79.34,4.92,0,9,DRY,DAY
1676064,2016-08-21,11:00:00,SUNDAY,Portland N,1,302.5,45.535781,-122.667547,MN,STRGHT,PACIFIC HY I-5,9432,6,INJ,1395.00,51.00,Clear,CLR,0,69.23,1.59,0.26,9,DRY,DAY
1676086,2016-09-23,00:00:00,FRIDAY,Portland SE,1,300.5,45.512256,-122.667314,CN,BRIDGE,NB EXTO BANFIELD C1,302,2,INJ,78.00,61.00,Mostly Cloudy,CLR,0,54.27,0.37,0.72,9,DRY,DAY
1676088,2016-09-23,16:00:00,FRIDAY,Portland N,1,302.5,45.538608,-122.669936,MN,STRGHT,PACIFIC HY I-5,9432,6,INJ,1131.00,53.50,Overcast,CLR,0,60.99,2.62,1,9,DRY,DAY
1676090,2016-09-23,10:00:00,FRIDAY,Portland SE,1,301,45.519494,-122.665922,CN,BRIDGE,NB EF MORRISN BR C3,9451,1,INJ,927.00,39.50,Overcast,UNK,0.0005,57.22,4.92,1,9,UNK,DAY
1676307,2016-09-28,17:00:00,WEDNESDAY,Portland Bridges,1,300.5,45.507753,-122.669481,MN,BRIDGE,MARQUAM BRIDGE,9551,6,INJ,476.00,57.33,Clear,CLR,0,72.88,6.03,0,9,DRY,DAY
1676501,2016-08-24,00:00:00,WEDNESDAY,Portland N,1,307,45.594836,-122.683206,CN,INTER,VICTORY BLVD,9412,,INJ,216.00,30.50,Clear,CLR,0,68.36,0.87,0,9,DRY,DAY
1676720,2016-09-25,20:00:00,SUNDAY,Portland SE,1,300.5,45.511839,-122.667153,CN,BRIDGE,NB EXTO BANFIELD C1,302,2,INJ,403.00,60.33,Clear,CLR,0,72.73,1.13,0,9,DRY,DLIT
1676878,2016-08-27,17:00:00,SATURDAY,Portland N,1,307,45.596583,-122.683992,CN,STRGHT,N VICTORY BLVD,747,1,INJ,731.00,8.00,Mostly Cloudy,CLR,0,78.89,4.12,0.62,9,DRY,DAY
1676891,2016-08-27,22:00:00,SATURDAY,Portland N,1,302.5,45.536769,-122.668367,MN,STRGHT,PACIFIC HY I-5,9432,6,INJ,1204.00,52.50,Clear,CLR,0,64.24,1.1,0.16,9,DRY,DLIT
1677057,2016-08-28,13:00:00,SUNDAY,Portland NE,1,302,45.529536,-122.665364,MN,STRGHT,PACIFIC HY I-5,9436,6,INJ,1013.00,45.50,Clear,CLR,0,74.84,2.92,0,9,DRY,DAY
1677078,2016-09-13,13:00:00,TUESDAY,Portland SE,1,302,45.519153,-122.666481,CN,INTER,SB EX BELMONT ST C2,9448,,INJ,1007.00,38.00,Clear,CLR,0,74.67,8.96,0,9,DRY,DAY
1677571,2016-08-30,18:00:00,TUESDAY,Portland Bridges,1,300.5,45.507283,-122.670289,MN,BRIDGE,MARQUAM BRIDGE,9452,4,INJ,251.00,53.33,Clear,CLR,0,71.25,4.92,0.13,9,DRY,DAY
1677586,2016-08-30,15:00:00,TUESDAY,Portland SW,1,300,45.502433,-122.674442,MN,STRGHT,SB EF MARQUAM BR,9496,2,INJ,761.00,10.50,Mostly Cloudy,CLR,0,68.19,0.91,0.75,9,DRY,DAY
1677634,2016-09-14,11:00:00,WEDNESDAY,Portland N,1,308,45.613597,-122.68115,CN,INTER,N HAYDEN ISLAND DR,9456,,INJ,1022.00,51.33,Clear,CLR,0,64.24,4.92,0,9,DRY,DAY
1677730,2016-08-31,08:00:00,WEDNESDAY,Portland N,1,307.5,45.606222,-122.682217,MN,STRGHT,PACIFIC HY I-5,9902,8,INJ,845.00,61.00,Overcast,CLR,0.0002,61.35,0.47,1,9,DRY,DAY
1678023,2016-10-05,00:00:00,WEDNESDAY,Portland N,1,302.5,45.539094,-122.670336,MN,STRGHT,PACIFIC HY I-5,9432,6,INJ,95.00,57.00,Overcast,RAIN,0,54.48,2.79,1,9,WET,DAY
1678052,2016-10-09,18:00:00,SUNDAY,Portland NE,1,302,45.529114,-122.665369,MN,STRGHT,PACIFIC HY I-5,9436,6,INJ,904.00,35.00,Light Rain,RAIN,0.0432,52.9,1.27,1,4,WET,DAY
1678083,2016-09-17,19:00:00,SATURDAY,Portland N,1,304,45.555606,-122.677497,CN,CURVE,NB EF GOING ST C2,1581,3,INJ,737.00,51.50,Possible Light Rain,RAIN,0.0231,62.07,0.63,1,4,WET,DUSK
1678084,2016-10-04,06:00:00,TUESDAY,Portland SE,1,302,45.519539,-122.666561,CN,BRIDGE,SB EXTO MORRSN BR C7,9446,2,INJ,1272.00,47.00,Possible Drizzle,CLD,0.0039,54.87,1.13,1,9,WET,DLIT
1678455,2016-10-08,22:00:00,SATURDAY,Portland N,1,305,45.568367,-122.678683,MN,STRGHT,PACIFIC HY I-5,9421,6,INJ,986.00,51.50,Drizzle,RAIN,0.0084,62.37,1.13,1,7,WET,DLIT
1678722,2016-10-12,08:00:00,WEDNESDAY,Portland NE,1,302,45.528903,-122.665375,MN,STRGHT,PACIFIC HY I-5,9436,6,INJ,1118.00,49.00,Clear,CLR,0,44.81,1.07,0.09,9,DRY,DAY
1678933,2016-10-13,05:00:00,THURSDAY,Portland N,1,303.5,45.549078,-122.678753,MN,STRGHT,PACIFIC HY I-5,9430,8,INJ,485.00,59.00,Light Rain,RAIN,0.0466,52.53,1.22,1,7,WET,DLIT
1679004,2016-10-11,06:00:00,TUESDAY,Portland SW,1,300,45.502289,-122.674406,MN,STRGHT,SB EF MARQUAM BR,9496,2,INJ,1242.00,49.00,Overcast,FOG,0,46.07,0.59,0.95,6,DRY,DAWN
1679432,2016-06-12,16:00:00,SUNDAY,Portland Bridges,1,300.5,45.509092,-122.667256,MN,BRIDGE,MARQUAM BRIDGE,9453,3,INJ,75.00,55.67,Clear,CLR,0,71.8,6.03,0.01,9,DRY,DAY
1679866,2016-10-18,17:00:00,TUESDAY,Portland N,1,304.5,45.566975,-122.678706,MN,STRGHT,PACIFIC HY I-5,9421,6,INJ,778.00,14.00,Overcast,CLR,0.0004,57.76,1.68,0.89,9,DRY,DAY
1680104,2016-10-20,09:00:00,THURSDAY,Portland N,1,305,45.570978,-122.678722,MN,STRGHT,PACIFIC HY I-5,9420,4,INJ,893.00,51.00,Overcast,RAIN,0.001,58.7,10.96,1,9,WET,DAY
1680129,2016-10-20,16:00:00,THURSDAY,Portland N,1,303.5,45.549503,-122.678753,MN,STRGHT,PACIFIC HY I-5,9430,8,INJ,795.00,13.00,Possible Drizzle,CLR,0.0068,61.35,0.43,0.77,9,UNK,DAY
1680182,2016-10-22,05:00:00,SATURDAY,Portland N,1,305.5,45.577225,-122.6775,CN,INTER,N LOMBARD ST,9415,,INJ,223.00,63.00,Mostly Cloudy,CLD,0,49.66,0.16,0.86,2,WET,DLIT
1680288,2016-10-23,14:00:00,SUNDAY,Portland NE,1,302,45.529114,-122.665369,MN,STRGHT,PACIFIC HY I-5,9436,6,INJ,1107.00,30.50,Overcast,CLR,0,60.99,6.03,0.96,9,DRY,DAY
1680317,2016-10-25,07:00:00,TUESDAY,Portland N,1,304,45.558158,-122.678689,MN,STRGHT,PACIFIC HY I-5,9425,4,INJ,1020.00,55.00,Overcast,CLR,0.0003,53.98,1.23,0.88,9,WET,DARK
1680378,2016-10-25,22:00:00,TUESDAY,Portland Bridges,1,300.5,45.507844,-122.669319,MN,BRIDGE,MARQUAM BRIDGE,9452,3,INJ,171.00,60.33,Mostly Cloudy,CLD,0,56.86,2.92,0.76,9,DRY,DLIT
1680736,2016-12-13,11:00:00,TUESDAY,Portland N,1,305,45.573064,-122.678742,MN,STRGHT,PACIFIC HY I-5,9420,8,INJ,1354.00,50.00,Partly Cloudy,CLR,0,39.4,4.92,0.48,9,DRY,DAY
1680759,2016-06-08,09:00:00,WEDNESDAY,Portland N,1,307,45.599164,-122.684297,MN,STRGHT,PACIFIC HY I-5,609,8,INJ,550.00,31.50,Mostly Cloudy,CLR,0,61.53,2.91,0.63,9,DRY,DAY
1680848,2016-11-02,07:00:00,WEDNESDAY,Portland SW,1,299.5,45.490114,-122.675353,MN,STRGHT,PACIFIC HY I-5,9481,6,INJ,1196.00,34.00,Overcast,CLR,0.0008,52.9,0.91,1,9,DRY,DAWN
1680893,2016-11-05,11:00:00,SATURDAY,Portland NE,1,302.5,45.534369,-122.665719,CN,INTER,NE WEIDLER ST,9434,,INJ,0.00,,Light Rain,RAIN,0.0181,55.42,1.13,1,4,WET,DAY
1680936,2016-11-07,16:00:00,MONDAY,Portland SE,1,300.5,45.508781,-122.6677,MN,BRIDGE,MARQUAM BRIDGE,9452,6,INJ,386.00,57.00,Clear,CLR,0,64.05,8.96,0.03,9,DRY,DAY
1681012,2016-11-06,13:00:00,SUNDAY,Portland N,1,308,45.613628,-122.678111,MN,BRIDGE,PACIFIC HY I-5,9458,6,INJ,1178.00,23.33,Overcast,CLR,0,60.99,6.03,1,9,DRY,DAY
1681033,2016-11-03,16:00:00,THURSDAY,Portland N,1,302.5,45.539336,-122.670536,MN,STRGHT,PACIFIC HY I-5,9432,6,INJ,821.00,19.50,Clear,CLR,0,63.87,4.03,0,9,DRY,DAY
1681054,2016-11-06,14:00:00,SUNDAY,Portland N,1,307,45.595022,-122.684564,CN,INTER,N VICTORY BLVD,9411,,INJ,808.00,32.50,Overcast,CLR,0,61.53,0.97,0.96,9,DRY,DAY
1681066,2016-11-08,08:00:00,TUESDAY,Portland N,1,303.5,45.549078,-122.678753,MN,STRGHT,PACIFIC HY I-5,9430,8,INJ,659.00,61.50,Clear,CLR,0,52,4.03,0.1,9,DRY,DAWN
1681102,2016-11-04,10:00:00,FRIDAY,Portland SE,1,301,45.515817,-122.665833,CN,INTER,WATER AVE,9443,,INJ,879.00,45.00,Partly Cloudy,CLR,0,53.25,4.92,0.32,3,DRY,DAY
1681425,2016-11-11,13:00:00,FRIDAY,Portland SW,1,299.5,45.492203,-122.674022,MN,STRGHT,PACIFIC HY I-5,9481,6,INJ,1428.00,53.00,Partly Cloudy,CLR,0,59.55,4.03,0.4,9,DRY,DAY
1681476,2016-11-13,09:00:00,SUNDAY,Portland N,1,302.5,45.535533,-122.667342,MN,STRGHT,PACIFIC HY I-5,9432,4,INJ,931.00,54.00,Drizzle,RAIN,0.0049,50.56,1.7,1,9,WET,DAY
1681505,2016-11-12,12:00:00,SATURDAY,Portland SE,1,301.5,45.520064,-122.665569,CN,STRGHT,NB EXTO BANFIELD C1,9503,2,INJ,876.00,55.50,Mostly Cloudy,RAIN,0.0016,61.35,6.03,0.76,9,WET,DLIT
1681679,2016-11-16,10:00:00,WEDNESDAY,Portland N,1,304.5,45.566686,-122.678708,MN,STRGHT,PACIFIC HY I-5,9421,6,INJ,1144.00,57.00,Overcast,RAIN,0,46.6,2.72,1,9,WET,DAY
1681735,2016-10-31,14:00:00,MONDAY,Portland N,1,302.5,45.536894,-122.668469,MN,STRGHT,PACIFIC HY I-5,9432,6,INJ,1486.00,39.00,Possible Drizzle,UNK,0.0044,55.77,2.92,1,9,UNK,DAY
1681862,2016-11-14,17:00:00,MONDAY,Portland SE,1,301,45.516994,-122.667236,MN,STRGHT,PACIFIC HY I-5,9439,6,INJ,692.00,25.50,Light Rain,RAIN,0.025,54.51,1.32,1,2,WET,DLIT
1681927,2016-11-14,11:00:00,MONDAY,Portland NE,1,302,45.529325,-122.665367,MN,STRGHT,PACIFIC HY I-5,9436,6,INJ,1013.00,41.50,Drizzle,RAIN,0.0135,55.23,1.37,1,9,WET,DAY
1682063,2016-10-29,00:00:00,SATURDAY,Portland N,1,308,45.613367,-122.678267,MN,BRIDGE,PACIFIC HY I-5,9458,3,INJ,380.00,59.67,Clear,UNK,0,57.26,8.96,0.08,9,UNK,DAY
1682188,2016-11-22,15:00:00,TUESDAY,Portland NE,1,302.5,45.534369,-122.665719,CN,INTER,NE WEIDLER ST,9434,,INJ,1075.00,37.50,Light Rain,RAIN,0.0329,50.56,2.92,1,6,WET,DAY
1682196,2016-11-22,16:00:00,TUESDAY,Portland N,1,307.5,45.609531,-122.680386,MN,STRGHT,PACIFIC HY I-5,9459,8,INJ,829.00,15.33,Rain,RAIN,0.1044,48.75,4.03,1,5,WET,DUSK
1682205,2016-11-17,14:00:00,THURSDAY,Portland SW,1,299.5,45.497369,-122.673486,MN,STRGHT,PACIFIC HY I-5,9493,6,INJ,1174.00,38.00,Mostly Cloudy,CLR,0,52.53,1.77,0.87,9,DRY,DAY
1682248,2016-11-21,15:00:00,MONDAY,Portland NE,1,302,45.528903,-122.665375,MN,BRIDGE,PACIFIC HY I-5,9436,6,INJ,957.00,51.50,Mostly Cloudy,CLR,0,55.59,4.92,0.75,9,DRY,DAY
1682331,2016-12-03,08:00:00,SATURDAY,Portland NE,1,302.5,45.534369,-122.665719,CN,INTER,NE WEIDLER ST,9434,,INJ,869.00,57.00,Possible Drizzle,CLR,0.0021,45,1.04,1,9,DRY,DAY
1682343,2016-12-01,17:00:00,THURSDAY,Portland N,1,307.5,45.605267,-122.682503,MN,STRGHT,PACIFIC HY I-5,9902,6,INJ,1036.00,15.67,Overcast,RAIN,0,45.16,2.92,1,9,WET,DLIT
1682386,2016-12-01,19:00:00,THURSDAY,Portland N,1,302.5,45.538853,-122.670136,MN,STRGHT,PACIFIC HY I-5,9432,6,INJ,813.00,43.50,Overcast,CLR,0,45.11,2.92,1,9,DRY,DLIT
1682438,2016-11-23,11:00:00,WEDNESDAY,Portland N,1,302.5,45.5397,-122.670836,MN,STRGHT,PACIFIC HY I-5,9432,8,INJ,1115.00,34.00,Light Rain,RAIN,0.0259,46.07,4.32,1,9,WET,DAY
1682521,2016-11-23,21:00:00,WEDNESDAY,Portland N,1,307.5,45.606364,-122.682178,MN,BRIDGE,PACIFIC HY I-5,9902,8,INJ,425.00,59.00,Overcast,RAIN,0.0003,47.04,4.92,1,9,WET,DLIT
1682877,2016-11-29,18:00:00,TUESDAY,Portland SE,1,301.5,45.521,-122.66585,MN,STRGHT,PACIFIC HY I-5,9439,6,INJ,353.00,52.50,Clear,RAIN,0,45.42,0.57,0.17,9,WET,DUSK
1682881,2016-12-07,17:00:00,WEDNESDAY,Portland Bridges,1,300.5,45.509206,-122.667119,MN,BRIDGE,MARQUAM BRIDGE,9551,3,INJ,386.00,29.33,Clear,CLR,0,34.58,7.07,0,9,DRY,DLIT
1682944,2016-11-25,14:00:00,FRIDAY,Portland N,1,304,45.556372,-122.678703,MN,STRGHT,PACIFIC HY I-5,9425,6,INJ,973.00,54.50,Overcast,UNK,0.0003,51.44,0.91,1,9,UNK,DAY
1683140,2016-01-12,14:00:00,TUESDAY,Portland N,1,306,45.586989,-122.679461,CN,CURVE,NB EX COL BLVD C1,9413,1,INJ,1145.00,42.00,Light Rain,RAIN,0.0486,42.27,4.07,1,5,WET,DAY
1683202,2016-12-13,11:00:00,TUESDAY,Portland SE,1,301.5,45.521822,-122.665131,CN,STRGHT,NB EXTO BANFIELD C1,9503,2,INJ,909.00,34.00,Partly Cloudy,CLR,0,39.4,4.92,0.48,9,DRY,DAY
1683342,2016-01-15,05:00:00,FRIDAY,Portland N,1,305,45.573064,-122.678742,MN,STRGHT,PACIFIC HY I-5,9420,4,INJ,542.00,56.50,Overcast,RAIN,0.001,42.29,0.92,0.89,9,WET,DLIT
1683426,2016-12-19,15:00:00,MONDAY,Portland N,1,305,45.570703,-122.678717,MN,STRGHT,PACIFIC HY I-5,9420,6,INJ,829.00,12.50,Mostly Cloudy,CLR,0.0012,47.14,6.03,0.86,9,DRY,DAY
1683429,2016-12-16,20:00:00,FRIDAY,Portland Bridges,1,301,45.517492,-122.668361,CN,BRIDGE,MORRISON BRIDGE,9449,3,INJ,358.00,49.00,Mostly Cloudy,CLD,0,30.41,4.03,0.63,9,ICE,DLIT
1683453,2016-12-14,17:00:00,WEDNESDAY,Portland N,1,303.5,45.554933,-122.678919,CN,STRGHT,SB EF GOING ST C4,322,1,INJ,212.00,24.50,Foggy,SNOW,0,27.17,12.07,1,1,ICE,DLIT
1683617,2016-12-22,14:00:00,THURSDAY,Portland NE,1,302,45.529114,-122.665369,MN,STRGHT,PACIFIC HY I-5,9436,6,INJ,1361.00,35.50,Overcast,CLR,0,37.77,1.18,1,9,DRY,DAY
1683621,2016-12-11,13:00:00,SUNDAY,Portland N,1,302.5,45.540183,-122.671244,MN,STRGHT,PACIFIC HY I-5,9432,6,INJ,1428.00,49.00,Possible Drizzle,CLR,0.0106,45.16,8.96,0.85,9,WET,DAY
1683632,2016-12-11,11:00:00,SUNDAY,Portland N,1,302.5,45.535656,-122.667444,MN,STRGHT,PACIFIC HY I-5,9432,6,INJ,1353.00,50.50,Drizzle,RAIN,0.0094,44.24,4.03,0.89,9,WET,DAY
1684030,2016-12-26,08:00:00,MONDAY,Portland SE,1,301.5,45.519906,-122.665836,CN,STRGHT,NB EF MORRISN BR C3,9451,4,INJ,332.00,57.50,Partly Cloudy,CLR,0,32.38,0.91,0.48,8,DRY,DAY
1684031,2016-10-01,20:00:00,SATURDAY,Portland N,1,308,45.615067,-122.677256,MN,BRIDGE,PACIFIC HY I-5,9458,6,INJ,911.00,52.67,Possible Drizzle,RAIN,0.0019,54.59,2.92,0.86,9,WET,DLIT
1684041,2016-12-28,18:00:00,WEDNESDAY,Portland NE,1,302,45.529114,-122.665369,MN,STRGHT,PACIFIC HY I-5,9436,6,INJ,640.00,47.50,Mostly Cloudy,CLR,0,40.02,0.51,0.79,6,DRY,DLIT
1684168,2016-10-19,14:00:00,WEDNESDAY,Portland N,1,308,45.614675,-122.677489,MN,BRIDGE,PACIFIC HY I-5,9458,3,INJ,1200.00,38.00,Mostly Cloudy,CLR,0,58.11,4.92,0.62,9,UNK,DAY
1684197,2016-12-30,09:00:00,FRIDAY,Portland N,1,305.5,45.577225,-122.6775,CN,INTER,N LOMBARD ST,9418,,INJ,1078.00,61.00,Mostly Cloudy,CLR,0,39.74,0.32,0.83,4,DRY,DAY
1684371,2016-10-24,17:00:00,MONDAY,Portland SW,1,299.5,45.491522,-122.674344,MN,STRGHT,PACIFIC HY I-5,9481,6,INJ,854.00,12.33,Light Rain,RAIN,0.0188,53.25,3.05,1,9,WET,DUSK
1684422,2016-11-30,14:00:00,WEDNESDAY,Portland N,1,302.5,45.538731,-122.670036,MN,STRGHT,PACIFIC HY I-5,9432,4,INJ,1107.00,38.50,Possible Drizzle,CLR,0.0048,49.31,2.14,0.99,9,WET,DAY
1684463,2016-11-17,13:00:00,THURSDAY,Portland N,1,305.5,45.577225,-122.6775,CN,INTER,NB EX LOMBARD EB C1,1432,,INJ,1181.00,56.67,Mostly Cloudy,CLR,0,51.09,4.03,0.78,9,DRY,DAY
1684563,2016-05-21,01:00:00,SATURDAY,Portland SW,1,299.5,45.497092,-122.673494,MN,STRGHT,PACIFIC HY I-5,9493,6,INJ,172.00,56.33,Mostly Cloudy,CLR,0,53.45,0.23,0.61,9,DRY,DLIT
1684769,2016-05-22,13:00:00,SUNDAY,Portland N,1,304.5,45.5638,-122.678706,MN,STRGHT,PACIFIC HY I-5,9424,6,INJ,1462.00,59.00,Possible Drizzle,RAIN,0.002,58.66,4.05,0.89,9,WET,DAY
1684858,2016-03-10,08:00:00,THURSDAY,Portland N,1,308,45.612283,-122.678878,MN,STRGHT,PACIFIC HY I-5,9458,6,INJ,817.00,58.00,Possible Drizzle,RAIN,0.0044,50.91,8.96,0.79,9,WET,DAWN
1684997,2016-07-05,08:00:00,TUESDAY,Portland SE,1,301.5,45.520569,-122.665981,MN,STRGHT,PACIFIC HY I-5,9439,6,INJ,984.00,42.50,Overcast,CLR,0,58.47,0.61,0.99,9,DRY,DAY
1685268,2016-07-15,16:00:00,FRIDAY,Portland NE,1,302,45.529114,-122.665369,MN,STRGHT,PACIFIC HY I-5,9436,6,INJ,721.00,24.50,Overcast,CLR,0,70.54,4.03,1,9,DRY,DAY
1685769,2016-08-15,00:00:00,MONDAY,Portland N,1,302.5,45.535439,-122.666736,CN,INTER,N WILLIAMS AVE,9433,,INJ,275.00,56.00,Clear,CLR,0,68.01,0.85,0,9,DRY,DAY
1686391,2016-10-03,17:00:00,MONDAY,Portland N,1,302.5,45.53615,-122.667856,MN,STRGHT,PACIFIC HY I-5,9432,6,INJ,1098.00,51.50,Overcast,RAIN,0,58.11,0.49,1,9,WET,DUSK
1686409,2016-11-19,18:00:00,SATURDAY,Portland N,1,303,45.543356,-122.674058,CN,BRIDGE,NB EX FREMONT BR C1,322,2,INJ,25911.00,52.50,Possible Drizzle,RAIN,0.0037,50.91,8.96,0.97,7,WET,DLIT
1687245,2016-01-12,16:00:00,TUESDAY,Portland N,1,304,45.553167,-122.678753,MN,STRGHT,PACIFIC HY I-5,9429,6,PDO,507.00,8.00,Light Rain,RAIN,0.0861,42.17,4.27,1,5,WET,DAY
1687586,2016-01-06,09:00:00,WEDNESDAY,Portland N,1,305,45.570564,-122.678714,MN,STRGHT,PACIFIC HY I-5,9420,4,PDO,959.00,51.50,Clear,RAIN,0,37.01,5.06,0.03,6,WET,DAY
1687700,2016-01-13,06:00:00,WEDNESDAY,Portland N,1,305,45.572872,-122.678744,MN,STRGHT,PACIFIC HY I-5,9420,6,PDO,882.00,53.50,Light Rain,RAIN,0.0409,45.29,1.41,1,8,WET,DLIT
1687941,2016-01-30,04:00:00,SATURDAY,Portland N,1,308,45.611922,-122.680753,CN,INTER,N CENTER AVE,9459,,PDO,127.00,59.33,Light Rain,RAIN,0.0269,40.82,2.01,1,5,WET,DLIT
1687970,2016-01-30,14:00:00,SATURDAY,Portland Bridges,1,300.5,45.507844,-122.669319,MN,BRIDGE,MARQUAM BRIDGE,9452,3,INJ,549.00,61.33,Overcast,RAIN,0,46.23,4.03,0.89,9,WET,DAY
1688211,2016-01-15,07:00:00,FRIDAY,Portland SE,1,300.5,45.509328,-122.667003,MN,STRGHT,PACIFIC HY I-5,9452,6,PDO,523.00,61.67,Overcast,RAIN,0,41.75,0.59,1,9,WET,DLIT
1688280,2016-01-16,14:00:00,SATURDAY,Portland N,1,305,45.571664,-122.678733,MN,STRGHT,PACIFIC HY I-5,9420,6,PDO,1008.00,31.50,Light Rain,RAIN,0.034,49.59,6.04,0.96,9,WET,DAY
1688378,2016-01-12,14:00:00,TUESDAY,Portland N,1,305,45.573639,-122.678733,MN,STRGHT,PACIFIC HY I-5,9420,4,PDO,1333.00,40.00,Light Rain,RAIN,0.0486,42.27,4.07,1,5,WET,DAY
1688842,2016-01-26,00:00:00,TUESDAY,Portland N,1,303.5,45.549078,-122.678753,MN,STRGHT,PACIFIC HY I-5,9430,8,PDO,175.00,61.50,Overcast,CLD,0,49.19,1.78,1,9,WET,DAY
1689203,2016-01-28,16:00:00,THURSDAY,Portland N,1,304,45.558308,-122.678686,MN,STRGHT,PACIFIC HY I-5,9425,6,PDO,480.00,6.50,Clear,CLR,0,56.68,4.03,0.27,9,DRY,DAY
1689398,2016-01-27,07:00:00,WEDNESDAY,Portland N,1,305,45.570564,-122.678714,MN,STRGHT,PACIFIC HY I-5,9420,6,PDO,1071.00,55.00,Overcast,CLR,0,49.39,0.86,1,9,DRY,DAWN
1690727,2016-02-10,15:00:00,WEDNESDAY,Portland N,1,305,45.573256,-122.678739,MN,STRGHT,PACIFIC HY I-5,9420,8,PDO,847.00,16.50,Mostly Cloudy,CLR,0,60.28,4.92,0.74,9,DRY,DAY
1690776,2016-02-10,17:00:00,WEDNESDAY,Portland NE,1,302,45.5332,-122.6658,MN,STRGHT,PACIFIC HY I-5,9435,6,PDO,668.00,29.00,Overcast,CLR,0,61.18,2.92,1,9,DRY,DAY
1691086,2016-04-12,00:00:00,TUESDAY,Portland SE,1,301,45.518006,-122.666953,MN,STRGHT,PACIFIC HY I-5,9439,5,PDO,108.00,57.00,Overcast,CLR,0,53.39,0.22,0.96,9,DRY,DAY
1691448,2016-02-08,16:00:00,MONDAY,Portland N,1,308,45.613106,-122.678422,MN,BRIDGE,PACIFIC HY I-5,9458,3,PDO,803.00,23.00,Clear,CLR,0,60.84,5.46,0.01,9,DRY,DAY
1691498,2016-02-18,14:00:00,THURSDAY,Portland SE,1,300.5,45.511975,-122.667211,CN,STRGHT,SB EX MARQUAM BR,302,2,PDO,501.00,56.00,Light Rain,RAIN,0.0816,43.71,6.03,1,3,WET,DAY
1691615,2016-02-19,09:00:00,FRIDAY,Portland N,1,307.5,45.608106,-122.681308,MN,BRIDGE,PACIFIC HY I-5,9902,8,PDO,790.00,61.33,Overcast,CLR,0.0011,49.66,4.03,1,9,WET,DAY
1691652,2016-02-17,15:00:00,WEDNESDAY,Portland N,1,305,45.572872,-122.678744,MN,STRGHT,PACIFIC HY I-5,9420,6,PDO,1094.00,23.50,Mostly Cloudy,CLR,0,62.85,3.67,0.8,9,DRY,DAY
1691915,2016-02-21,18:00:00,SUNDAY,Portland N,1,304.5,45.562028,-122.678667,MN,STRGHT,PACIFIC HY I-5,9424,6,PDO,1219.00,59.50,Clear,CLR,0,47.83,2.01,0.01,9,WET,DLIT
1691939,2016-02-16,05:00:00,TUESDAY,Portland SW,1,300,45.503164,-122.674572,MN,STRGHT,SB EF MARQUAM BR,9496,2,PDO,524.00,56.50,Light Rain,RAIN,0.0343,48.56,1.42,1,7,WET,DLIT
1692626,2016-02-24,00:00:00,WEDNESDAY,Portland N,1,302.5,45.535286,-122.667133,MN,STRGHT,PACIFIC HY I-5,9432,4,PDO,187.00,57.50,Clear,CLR,0,49.06,4.03,0,9,DRY,DAY
1692952,2016-03-13,14:00:00,SUNDAY,Portland NE,1,301.5,45.525119,-122.663131,CN,STRGHT,NB EXTO BANFIELD C1,305,2,PDO,945.00,55.50,Possible Drizzle,CLR,0.0069,51.27,6.61,0.78,9,DRY,DAY
1692964,2016-02-21,16:00:00,SUNDAY,Portland Bridges,1,300.5,45.507378,-122.670128,MN,BRIDGE,MARQUAM BRIDGE,9452,3,PDO,419.00,59.50,Partly Cloudy,CLR,0,53.25,1.47,0.51,9,DRY,DAY
1693253,2016-03-01,17:00:00,TUESDAY,Portland Bridges,1,300.5,45.507753,-122.669481,MN,BRIDGE,MARQUAM BRIDGE,9551,3,PDO,321.00,56.33,Mostly Cloudy,RAIN,0.0006,53.36,12.97,0.7,9,WET,DAY
1693711,2016-03-06,15:00:00,SUNDAY,Portland NE,1,302,45.531228,-122.665339,MN,STRGHT,PACIFIC HY I-5,9435,6,PDO,1164.00,49.00,Mostly Cloudy,CLR,0,55.05,6.03,0.75,9,DRY,DAY
1694050,2016-03-11,20:00:00,FRIDAY,Portland N,1,303.5,45.548797,-122.678753,MN,STRGHT,PACIFIC HY I-5,9430,8,PDO,883.00,59.50,Light Rain,RAIN,0.0194,51.27,6.93,1,7,WET,DUSK
1694085,2016-03-07,06:00:00,MONDAY,Portland NE,1,301.5,45.525147,-122.662897,CN,BRIDGE,NB EXTO BANFIELD C1,305,2,PDO,953.00,52.50,Possible Drizzle,RAIN,0.003,44.07,3.55,1,9,WET,DAWN
1694250,2016-03-12,00:00:00,SATURDAY,Portland N,1,307,45.599494,-122.6842,MN,STRGHT,PACIFIC HY I-5,609,6,PDO,319.00,60.00,Light Rain,UNK,0.0282,49.42,8.96,1,9,UNK,DAY
1694574,2016-03-16,09:00:00,WEDNESDAY,Portland N,1,304.5,45.564089,-122.678708,MN,STRGHT,PACIFIC HY I-5,9424,6,PDO,1180.00,59.50,Overcast,CLR,0,44.79,0.35,0.88,9,DRY,DAY
1694632,2016-03-11,19:00:00,FRIDAY,Portland NE,1,302,45.532222,-122.6655,MN,STRGHT,PACIFIC HY I-5,9435,6,PDO,1038.00,46.00,Drizzle,RAIN,0.014,50.37,4.03,1,6,WET,DLIT
1694808,2016-06-23,17:00:00,THURSDAY,Portland NE,1,302,45.529114,-122.665369,MN,STRGHT,PACIFIC HY I-5,9436,6,PDO,527.00,13.50,Light Rain,RAIN,0.0828,60.82,2.22,1,5,WET,DAY
1694910,2016-06-05,15:00:00,SUNDAY,Portland N,1,307.5,45.603103,-122.681817,CN,CURVE,NB EXTO MARINE DR,9905,1,PDO,1149.00,22.33,Clear,CLR,0,97.36,2.01,0,9,DRY,DAY
1695012,2016-06-20,10:00:00,MONDAY,Portland N,1,302.5,45.539581,-122.670736,MN,STRGHT,PACIFIC HY I-5,9432,6,PDO,1589.00,37.00,Clear,CLR,0,63.51,4.03,0.14,9,DRY,DAY
1695075,2016-06-26,17:00:00,SUNDAY,Portland N,1,302.5,45.537514,-122.668978,MN,STRGHT,PACIFIC HY I-5,9432,6,PDO,1208.00,52.50,Clear,CLR,0,87.52,3.64,0,9,DRY,DAY
1695290,2016-06-29,08:00:00,WEDNESDAY,Portland NE,1,302,45.526411,-122.665414,MN,STRGHT,PACIFIC HY I-5,9448,6,PDO,1112.00,44.50,Overcast,CLR,0,58.84,0.82,1,9,DRY,DAY
1695308,2016-01-03,11:00:00,SUNDAY,Portland N,1,303.5,45.549219,-122.678753,MN,STRGHT,PACIFIC HY I-5,9430,8,PDO,325.00,38.50,Foggy,SNOW,0,28.69,4.38,1,1,ICE,DAY
1695603,2016-01-02,00:00:00,SATURDAY,Portland NE,1,302.5,45.534369,-122.665719,CN,INTER,NE WEIDLER ST,9434,,PDO,264.00,58.00,Clear,CLR,0,29.94,8.64,0,9,DRY,DAY
1695800,2016-07-05,16:00:00,TUESDAY,Portland N,1,304,45.556669,-122.6787,MN,STRGHT,PACIFIC HY I-5,9425,6,PDO,623.00,9.50,Mostly Cloudy,CLR,0,68.38,2.31,0.75,9,DRY,DAY
1695852,2016-07-05,14:00:00,TUESDAY,Portland NE,1,302,45.528903,-122.665375,MN,STRGHT,PACIFIC HY I-5,9436,6,PDO,1092.00,47.00,Mostly Cloudy,CLR,0,67.11,2.25,0.87,9,DRY,DAY
1696057,2016-07-12,03:00:00,TUESDAY,Portland SE,1,302,45.519153,-122.666481,CN,GRADE,SB EX BELMONT ST C2,9448,2,PDO,228.00,60.00,Mostly Cloudy,CLR,0,59.57,2.92,0.75,9,DRY,DLIT
1696305,2016-06-29,00:00:00,WEDNESDAY,Portland N,1,302.5,45.538853,-122.670136,MN,STRGHT,PACIFIC HY I-5,9432,6,PDO,309.00,58.00,Clear,CLR,0,60.28,1.18,0,9,DRY,DAY
1696681,2016-06-24,14:00:00,FRIDAY,Portland N,1,304.5,45.563069,-122.678692,MN,STRGHT,PACIFIC HY I-5,9902,7,PDO,1140.00,25.00,Overcast,CLR,0,67.47,2.01,1,9,DRY,DAY
1696689,2016-06-24,15:00:00,FRIDAY,Portland SE,1,302,45.519539,-122.666561,CN,BRIDGE,SB EXTO MORRSN BR C7,9446,2,PDO,891.00,40.00,Overcast,CLR,0,65.13,2.92,1,9,DRY,DAY
1696998,2016-07-08,16:00:00,FRIDAY,Portland NE,1,301.5,45.524778,-122.665486,MN,STRGHT,PACIFIC HY I-5,9448,6,PDO,739.00,44.00,Overcast,CLR,0,72.16,2.23,0.89,9,DRY,DAY
1697009,2016-07-07,00:00:00,THURSDAY,Portland N,1,304.5,45.566108,-122.678714,MN,STRGHT,PACIFIC HY I-5,9421,6,PDO,361.00,59.50,Mostly Cloudy,CLR,0,67.11,0.54,0.79,9,DRY,DAY
1697147,2016-07-01,15:00:00,FRIDAY,Portland SE,1,301,45.515817,-122.665833,CN,INTER,WATER AVE,9443,,PDO,808.00,34.00,Clear,CLR,0,74.84,2.46,0.02,9,DRY,DAY
1697170,2016-07-08,14:00:00,FRIDAY,Portland SW,1,299.5,45.499261,-122.673544,MN,STRGHT,PACIFIC HY I-5,9493,4,PDO,899.00,14.67,Overcast,CLR,0,70.54,6.03,1,9,DRY,DAY
1697562,2016-07-15,10:00:00,FRIDAY,Portland N,1,308,45.616378,-122.676489,MN,STRGHT,PACIFIC HY I-5,9458,3,PDO,1170.00,52.33,Overcast,CLR,0,62.26,0.6,1,9,DRY,DAY
1697618,2016-07-16,23:00:00,SATURDAY,Portland N,1,302.5,45.539094,-122.670336,MN,STRGHT,PACIFIC HY I-5,9432,6,PDO,763.00,54.50,Partly Cloudy,CLR,0,64.96,4.03,0.45,9,DRY,DLIT
1697646,2016-07-16,22:00:00,SATURDAY,Portland NE,1,302,45.529114,-122.665369,MN,STRGHT,PACIFIC HY I-5,9436,7,PDO,880.00,55.00,Clear,CLR,0,65.85,1.07,0.19,9,DRY,DLIT
1697779,2016-07-26,08:00:00,TUESDAY,Portland SE,1,301,45.518222,-122.665992,CN,STRGHT,NB ENFR MORRISON ST,1591,1,PDO,958.00,52.00,Overcast,CLR,0,61.89,6.03,1,9,DRY,DAY
1697904,2016-07-29,13:00:00,FRIDAY,Portland N,1,302.5,45.539458,-122.670636,MN,STRGHT,PACIFIC HY I-5,9432,4,PDO,957.00,39.00,Mostly Cloudy,CLR,0,85.46,2.81,0.71,9,DRY,DAY
1698218,2016-06-27,16:00:00,MONDAY,Portland N,1,304.5,45.562028,-122.678667,MN,STRGHT,PACIFIC HY I-5,9424,6,PDO,546.00,7.00,Clear,CLR,0,84.39,3.2,0.01,9,DRY,DAY
1698237,2016-03-31,18:00:00,THURSDAY,Portland NE,1,302.5,45.534369,-122.665719,CN,INTER,NE WEIDLER ST,9434,,PDO,1025.00,51.50,Clear,CLR,0,73.14,1.08,0.09,9,DRY,DUSK
1698661,2016-07-23,18:00:00,SATURDAY,Portland N,1,302.5,45.538853,-122.670136,MN,STRGHT,PACIFIC HY I-5,9432,6,PDO,0.00,,Partly Cloudy,CLR,0,71.25,8.05,0.32,9,DRY,DAY
1698699,2016-12-07,16:00:00,WEDNESDAY,Portland SE,1,300.5,45.511839,-122.667153,CN,BRIDGE,NB EXTO BANFIELD C1,302,2,PDO,408.00,46.67,Clear,CLR,0,35.2,6.25,0.03,9,DRY,DAY
1698863,2016-07-25,15:00:00,MONDAY,Portland N,1,305,45.570842,-122.677944,CN,STRGHT,NB EF PTLD BLVD C2,1938,1,PDO,748.00,9.00,Clear,CLR,0,81.5,2.81,0.01,9,DRY,DAY
1698873,2016-12-08,13:00:00,THURSDAY,Portland N,1,308,45.617819,-122.675644,MN,BRIDGE,PACIFIC HY I-5,9458,3,PDO,1073.00,25.33,Overcast,SNOW,0,29.49,9.14,1,2,ICE,DAY
1699017,2016-03-17,18:00:00,THURSDAY,Portland N,1,304,45.556372,-122.678703,MN,STRGHT,PACIFIC HY I-5,9425,6,PDO,844.00,18.00,Clear,CLR,0,57.57,7.49,0.01,9,DRY,DAY
1699141,2016-03-18,15:00:00,FRIDAY,Portland N,1,303.5,45.548797,-122.678753,MN,INTER,PACIFIC HY I-5,9430,,PDO,650.00,28.50,Clear,CLR,0,58.47,7.78,0.2,9,DRY,DAY
1699205,2016-03-18,19:00:00,FRIDAY,Portland N,1,304.5,45.563208,-122.678403,CN,STRGHT,NB EF MISSOURI C1,322,1,PDO,846.00,16.00,Clear,CLR,0,57.57,7.14,0.06,9,DRY,DARK
1699302,2016-07-29,14:00:00,FRIDAY,Portland N,1,308,45.614806,-122.677411,MN,BRIDGE,PACIFIC HY I-5,9458,3,PDO,859.00,20.00,Clear,CLR,0,86.57,2.71,0,9,DRY,DAY
1699391,2016-03-19,13:00:00,SATURDAY,Portland N,1,304,45.557861,-122.678692,MN,STRGHT,PACIFIC HY I-5,9425,6,PDO,1243.00,57.00,Partly Cloudy,CLR,0,61.89,3.97,0.39,9,DRY,DAY
1699393,2016-03-19,00:00:00,SATURDAY,Portland N,1,305,45.573064,-122.678742,MN,STRGHT,PACIFIC HY I-5,9420,8,PDO,493.00,57.00,Mostly Cloudy,CLR,0,53.1,8.05,0.6,9,DRY,DAY
1699821,2016-07-30,11:00:00,SATURDAY,Portland N,1,307.5,45.606778,-122.682031,MN,BRIDGE,PACIFIC HY I-5,9902,7,PDO,1051.00,59.00,Partly Cloudy,CLR,0,68.74,2.92,0.4,9,DRY,DAY
1699848,2016-07-31,21:00:00,SUNDAY,Portland Bridges,1,300.5,45.508406,-122.668347,MN,BRIDGE,MARQUAM BRIDGE,9452,3,PDO,290.00,59.67,Clear,CLR,0,68.01,1.23,0,9,DRY,DLIT
1699906,2016-08-02,05:00:00,TUESDAY,Portland SW,1,299.5,45.493333,-122.673725,MN,STRGHT,PACIFIC HY I-5,9481,6,PDO,704.00,61.33,Mostly Cloudy,CLR,0,59.19,0.24,0.76,9,DRY,DAWN
1699930,2016-08-05,16:00:00,FRIDAY,Portland SE,1,301,45.517058,-122.665428,CN,BRIDGE,NB EF MORRISN BR C3,9503,1,PDO,589.00,25.00,Clear,CLR,0,78.29,3.92,0,9,DRY,DAY
1700017,2016-08-10,06:00:00,WEDNESDAY,Portland SW,1,300,45.502144,-122.674364,MN,STRGHT,SB EF MARQUAM BR,9496,2,PDO,1013.00,50.00,Overcast,UNK,0,58.78,0.61,1,9,UNK,DAY
1700092,2016-08-28,11:00:00,SUNDAY,Portland NE,1,301.5,45.525803,-122.665444,MN,STRGHT,PACIFIC HY I-5,9448,6,PDO,871.00,51.00,Clear,CLR,0,67.65,1.24,0,9,DRY,DAY
1700115,2016-03-27,13:00:00,SUNDAY,Portland Bridges,1,300.5,45.507003,-122.670775,MN,INTER,MARQUAM BRIDGE,9452,,PDO,428.00,62.67,Mostly Cloudy,RAIN,0.0011,52.53,4.41,0.83,9,WET,DAY
1700147,2016-03-28,07:00:00,MONDAY,Portland N,1,308,45.6127,-122.678656,MN,STRGHT,PACIFIC HY I-5,9458,6,PDO,714.00,58.33,Mostly Cloudy,CLR,0.0004,39.77,2.01,0.86,9,DRY,DAY
1700226,2016-03-28,16:00:00,MONDAY,Portland N,1,303.5,45.549783,-122.678753,MN,STRGHT,PACIFIC HY I-5,9430,8,PDO,749.00,19.00,Mostly Cloudy,CLR,0,54.87,3.86,0.72,9,DRY,DAY
1700375,2016-08-09,15:00:00,TUESDAY,Portland SW,1,299.5,45.494586,-122.673586,MN,STRGHT,PACIFIC HY I-5,9481,6,PDO,823.00,36.67,Overcast,UNK,0,67.65,0.9,1,9,UNK,DAY
1700457,2016-08-09,16:00:00,TUESDAY,Portland SE,1,301,45.518006,-122.666953,MN,STRGHT,PACIFIC HY I-5,9439,6,PDO,679.00,47.00,Overcast,CLR,0,69.46,2.01,1,9,DRY,DAY
1700487,2016-08-10,13:00:00,WEDNESDAY,Portland NE,1,301.5,45.523811,-122.665044,CN,STRGHT,NB EXTO BANFIELD C1,305,2,PDO,701.00,29.50,Overcast,CLR,0,69.28,1.99,0.96,9,DRY,DAY
1700624,2016-08-10,15:00:00,WEDNESDAY,Portland N,1,303.5,45.552319,-122.67875,MN,STRGHT,PACIFIC HY I-5,9430,8,PDO,612.00,13.00,Clear,CLR,0,75.45,2.18,0.19,9,DRY,DAY
1700747,2016-08-11,00:00:00,THURSDAY,Portland NE,1,302,45.532361,-122.665692,CN,CURVE,SB EF WILLIAMS C5,302,2,PDO,279.00,58.50,Clear,CLR,0,67.3,0.85,0,9,DRY,DAY
1700756,2016-08-09,10:00:00,TUESDAY,Portland NE,1,302,45.528903,-122.665375,MN,STRGHT,PACIFIC HY I-5,9436,6,PDO,909.00,44.00,Overcast,CLD,0.0003,59.55,2.92,1,9,DRY,DAY
1700876,2016-08-14,00:00:00,SUNDAY,Portland N,1,307,45.594611,-122.683922,MN,STRGHT,PACIFIC HY I-5,9411,6,PDO,263.00,31.50,Clear,CLR,0,72.16,4.92,0,9,DRY,DAY
1700987,2016-08-15,13:00:00,MONDAY,Portland SW,1,300,45.501858,-122.674267,MN,STRGHT,SB EF MARQUAM BR,9496,2,PDO,1015.00,28.00,Clear,CLR,0,74.33,6.03,0,9,DRY,DAY
1701087,2016-08-12,09:00:00,FRIDAY,Portland Bridges,1,300.5,45.511278,-122.667136,MN,BRIDGE,MARQUAM BRIDGE,9551,6,PDO,333.00,59.67,Clear,CLR,0,69.64,0.6,0,9,DRY,DAY
1701245,2016-08-20,22:00:00,SATURDAY,Portland NE,1,302,45.529536,-122.665364,MN,STRGHT,PACIFIC HY I-5,9436,6,PDO,713.00,34.00,Clear,CLR,0,77.18,0.66,0,9,DRY,DLIT
1701336,2016-04-09,11:00:00,SATURDAY,Portland N,1,305,45.567406,-122.678703,MN,INTER,PACIFIC HY I-5,9421,,PDO,1328.00,55.00,Overcast,CLR,0,56.68,0.91,1,9,DRY,DAY
1701355,2016-08-08,21:00:00,MONDAY,Portland N,1,305.5,45.577608,-122.678683,MN,STRGHT,PACIFIC HY I-5,9415,4,PDO,616.00,59.67,Mostly Cloudy,CLD,0,63.44,0.91,0.86,9,DRY,DLIT
1701400,2016-04-12,14:00:00,TUESDAY,Portland N,1,305.5,45.577225,-122.6775,CN,INTER,N LOMBARD ST,9415,,PDO,1303.00,51.00,Overcast,CLR,0,58.11,2.01,1,9,DRY,DAY
1701467,2016-08-16,08:00:00,TUESDAY,Portland NE,1,301.5,45.523208,-122.66555,MN,STRGHT,PACIFIC HY I-5,9448,5,PDO,1030.00,44.00,Overcast,CLR,0,60.45,0.85,0.88,9,DRY,DAY
1701599,2016-04-14,11:00:00,THURSDAY,Portland N,1,306,45.585194,-122.679753,MN,STRGHT,PACIFIC HY I-5,9413,6,PDO,753.00,52.67,Light Rain,CLR,0.0172,47.14,3.72,1,8,UNK,DAY
1701637,2016-04-16,10:00:00,SATURDAY,Portland N,1,304,45.558753,-122.678681,MN,STRGHT,PACIFIC HY I-5,9425,6,PDO,1344.00,57.50,Clear,CLR,0,51.44,1.12,0,9,DRY,DAY
1701776,2016-04-17,11:00:00,SUNDAY,Portland NE,1,302,45.528542,-122.665375,MN,BRIDGE,PACIFIC HY I-5,9436,5,PDO,1409.00,49.50,Clear,CLR,0,69.82,6.03,0,9,DRY,DAY
1702355,2016-08-29,06:00:00,MONDAY,Portland N,1,304.5,45.563656,-122.678703,MN,STRGHT,PACIFIC HY I-5,9424,6,PDO,947.00,60.50,Clear,CLR,0,57.12,0.06,0,9,DRY,DAY
1702455,2016-08-26,00:00:00,FRIDAY,Portland N,1,305,45.572872,-122.678744,MN,STRGHT,PACIFIC HY I-5,9420,4,PDO,370.00,55.00,Mostly Cloudy,CLR,0,75.09,0.28,0.86,9,DRY,DAY
1702594,2016-08-28,19:00:00,SUNDAY,Portland N,1,308,45.616247,-122.676564,MN,BRIDGE,PACIFIC HY I-5,9458,3,PDO,1033.00,43.67,Clear,CLR,0,82.43,0.68,0,9,DRY,DAY
1702613,2016-04-25,00:00:00,MONDAY,Portland NE,1,302,45.528542,-122.665375,MN,STRGHT,PACIFIC HY I-5,9436,4,PDO,172.00,60.50,Clear,CLR,0,43.61,0.34,0.09,9,DRY,DAY
1702646,2016-04-26,09:00:00,TUESDAY,Portland N,1,304,45.556522,-122.6787,MN,STRGHT,PACIFIC HY I-5,9425,6,PDO,1049.00,56.00,Clear,CLR,0,50.01,0.44,0.03,9,DRY,DAY
1702686,2016-08-29,07:00:00,MONDAY,Portland SE,1,300.5,45.511839,-122.667153,CN,BRIDGE,NB EXTO BANFIELD C1,302,2,PDO,430.00,62.00,Clear,CLR,0,56.77,0.1,0,9,DRY,DAY
1702755,2016-04-28,14:00:00,THURSDAY,Portland N,1,302.5,45.538608,-122.669936,MN,STRGHT,PACIFIC HY I-5,9432,7,PDO,1220.00,50.50,Mostly Cloudy,CLR,0,62.07,4.03,0.83,9,DRY,DAY
1702809,2016-04-29,15:00:00,FRIDAY,Portland SE,1,300.5,45.509878,-122.666708,MN,BRIDGE,PACIFIC HY I-5,9460,6,PDO,200.00,57.33,Possible Drizzle,RAIN,0.0039,55.77,2.01,0.88,9,WET,DAY
1702897,2016-08-22,13:00:00,MONDAY,Portland N,1,303.5,45.549219,-122.678753,MN,STRGHT,PACIFIC HY I-5,9430,8,PDO,991.00,58.00,Mostly Cloudy,CLR,0,68.4,3.46,0.7,9,DRY,DAY
1703025,2016-04-06,15:00:00,WEDNESDAY,Portland SW,1,299.5,45.497789,-122.673475,MN,INTER,PACIFIC HY I-5,9493,,PDO,985.00,17.00,Clear,CLR,0,70.85,2.8,0.06,9,DRY,DAY
1703116,2016-11-10,16:00:00,THURSDAY,Portland N,1,306,45.584206,-122.679389,MN,STRGHT,PACIFIC HY I-5,9413,6,PDO,959.00,21.33,Clear,CLR,0,67.47,1.9,0.2,9,DRY,DAY
1703572,2016-05-04,09:00:00,WEDNESDAY,Portland N,1,304,45.555483,-122.678719,MN,GRADE,PACIFIC HY I-5,9425,6,PDO,926.00,34.00,Overcast,CLD,0,54.51,1.44,0.96,9,DRY,DAY
1703664,2016-05-05,15:00:00,THURSDAY,Portland N,1,305,45.568781,-122.678681,MN,STRGHT,PACIFIC HY I-5,9421,6,PDO,916.00,14.50,Partly Cloudy,CLR,0,65.67,2.39,0.45,9,DRY,DAY
1703670,2016-05-05,08:00:00,THURSDAY,Portland N,1,305,45.57125,-122.678725,MN,STRGHT,PACIFIC HY I-5,9420,6,PDO,1116.00,53.50,Overcast,CLR,0,53.98,1.41,1,9,DRY,DAY
1703990,2016-09-01,19:00:00,THURSDAY,Portland N,1,305.5,45.577744,-122.678683,MN,STRGHT,PACIFIC HY I-5,9415,4,PDO,960.00,14.67,Overcast,RAIN,0,67.65,0.91,1,9,WET,DAY
1704099,2016-05-10,13:00:00,TUESDAY,Portland N,1,308,45.611786,-122.680339,CN,STRGHT,SB EX JANTZN BCH C4,432,1,PDO,591.00,34.33,Clear,CLR,0,73.26,2.65,0.01,9,DRY,DAY
1704226,2016-05-12,07:00:00,THURSDAY,Portland NE,1,301.5,45.523969,-122.664983,CN,BRIDGE,NB EXTO BANFIELD C1,305,2,PDO,1062.00,41.50,Clear,CLR,0,53.41,0.2,0,9,DRY,DAY
1704458,2016-05-12,17:00:00,THURSDAY,Portland N,1,305,45.569328,-122.678692,MN,STRGHT,PACIFIC HY I-5,9421,6,PDO,0.00,,Clear,CLR,0,83.69,1.33,0.02,9,DRY,DAY
1704981,2016-05-18,17:00:00,WEDNESDAY,Portland SW,1,300,45.498236,-122.673803,CN,TRANS,SB EX HOOD AVE C2,1065,1,PDO,789.00,10.50,Mostly Cloudy,CLR,0,66.39,3.35,0.62,9,DRY,DAY
1705125,2016-05-14,16:00:00,SATURDAY,Portland N,1,302.5,45.536275,-122.667958,MN,STRGHT,PACIFIC HY I-5,9432,4,PDO,1453.00,31.00,Light Rain,RAIN,0.0189,56.31,2.01,1,2,WET,DAY
1705196,2016-09-12,14:00:00,MONDAY,Portland NE,1,301.5,45.524125,-122.664897,CN,BRIDGE,NB EXTO BANFIELD C1,9436,2,PDO,703.00,47.50,Clear,CLR,0,76.11,3.49,0.01,9,DRY,DAY
1705338,2016-05-20,20:00:00,FRIDAY,Portland N,1,305.5,45.576933,-122.677697,CN,STRGHT,NB EX LOMBARD EB C1,1432,1,PDO,817.00,60.00,Partly Cloudy,CLR,0,60.45,0.44,0.35,9,DRY,DAY
1705692,2016-05-25,13:00:00,WEDNESDAY,Portland N,1,302.5,45.538244,-122.669622,MN,STRGHT,PACIFIC HY I-5,9432,6,PDO,1209.00,32.00,Overcast,CLR,0,62.07,2.92,1,9,DRY,DAY
1705761,2016-09-03,18:00:00,SATURDAY,Portland NE,1,302,45.530589,-122.66535,MN,STRGHT,PACIFIC HY I-5,9435,6,PDO,1126.00,53.00,Mostly Cloudy,CLR,0,66.57,4.03,0.75,9,DRY,DAY
1705901,2016-05-29,13:00:00,SUNDAY,Portland N,1,305,45.569917,-122.677681,CN,INTER,N ROSA PARKS WY,9419,,PDO,1019.00,55.00,Mostly Cloudy,CLR,0,66.22,2.92,0.75,9,DRY,DAY
1706189,2016-09-13,17:00:00,TUESDAY,Portland SW,1,300,45.502,-122.674317,MN,STRGHT,SB EF MARQUAM BR,9496,2,INJ,650.00,7.50,Clear,CLR,0,77.93,4.31,0,9,DRY,DAY
1706471,2016-09-14,17:00:00,WEDNESDAY,Portland SW,1,300,45.502,-122.674317,MN,STRGHT,SB EF MARQUAM BR,9496,4,PDO,684.00,7.50,Clear,CLR,0,79,1.05,0,9,DRY,DAY
1706620,2016-10-13,15:00:00,THURSDAY,Portland N,1,308,45.613497,-122.678189,MN,BRIDGE,PACIFIC HY I-5,9458,3,PDO,1218.00,27.00,Light Rain,RAIN,0.0494,58.11,6.03,1,4,WET,DAY
1706648,2016-10-13,23:00:00,THURSDAY,Portland NE,1,301.5,45.52455,-122.664533,CN,BRIDGE,NB EXTO BANFIELD C1,9436,2,PDO,333.00,53.50,Rain,RAIN,0.1364,56.86,6.74,1,8,WET,DLIT
1706833,2016-06-09,13:00:00,THURSDAY,Portland NE,1,302,45.530589,-122.66535,MN,BRIDGE,PACIFIC HY I-5,9436,6,PDO,773.00,47.00,Overcast,RAIN,0,60.99,0.28,1,9,WET,DAY
1707120,2016-06-13,00:00:00,MONDAY,Portland N,1,308,45.611706,-122.680206,CN,CURVE,SB EX JANTZN BCH C4,432,2,PDO,194.00,60.33,Clear,CLR,0,59.66,0.8,0,9,UNK,DAY
1707268,2016-06-17,14:00:00,FRIDAY,Portland Bridges,1,300.5,45.507939,-122.669156,MN,BRIDGE,MARQUAM BRIDGE,9452,6,PDO,286.00,59.00,Overcast,CLR,0.0006,62.61,0.97,1,9,DRY,DAY
1707329,2016-09-14,17:00:00,WEDNESDAY,Portland N,1,305.5,45.577225,-122.6775,CN,INTER,N LOMBARD ST,9418,,PDO,998.00,22.67,Clear,UNK,0,79,1.05,0,9,UNK,DAY
1707335,2016-09-14,20:00:00,WEDNESDAY,Portland NE,1,302,45.529114,-122.665369,MN,STRGHT,PACIFIC HY I-5,9436,6,PDO,920.00,54.50,Clear,CLR,0,69.91,0.81,0,9,DRY,DLIT
1707339,2016-06-18,18:00:00,SATURDAY,Portland N,1,307,45.601228,-122.683306,CN,STRGHT,EXTO MLK/MARINE C1,9905,1,PDO,818.00,19.00,Mostly Cloudy,CLR,0.0009,65.67,3.92,0.75,9,DRY,DAY
1707397,2016-09-02,13:00:00,FRIDAY,Portland Bridges,1,300.5,45.507939,-122.669156,MN,BRIDGE,MARQUAM BRIDGE,9452,8,PDO,499.00,57.67,Overcast,RAIN,0.0006,68.01,8.96,1,9,WET,DAY
1707511,2016-09-28,15:00:00,WEDNESDAY,Portland SW,1,300,45.502,-122.674317,MN,STRGHT,SB EF MARQUAM BR,9496,2,PDO,718.00,8.50,Clear,CLR,0,70.71,2.86,0,9,DRY,DAY
1707524,2016-09-28,20:00:00,WEDNESDAY,Portland SE,1,301.5,45.522606,-122.665575,MN,STRGHT,PACIFIC HY I-5,9439,5,PDO,599.00,53.50,Clear,CLR,0,65.24,6.93,0,9,DRY,DUSK
1707538,2016-06-16,19:00:00,THURSDAY,Portland N,1,303.5,45.556133,-122.679672,CN,STRGHT,NB EF GOING ST C2,1581,4,PDO,1149.00,53.00,Mostly Cloudy,CLR,0,63.87,0.54,0.75,9,DRY,DAY
1707628,2016-06-16,14:00:00,THURSDAY,Portland SE,1,301,45.512542,-122.667375,CN,BRIDGE,PACIFIC HY I-5,9460,2,PDO,765.00,49.50,Mostly Cloudy,CLR,0,61.53,2.2,0.66,9,DRY,DAY
1707725,2016-05-30,23:00:00,MONDAY,Portland SW,1,300,45.502581,-122.674475,MN,STRGHT,SB EF MARQUAM BR,9496,2,PDO,191.00,55.00,Clear,UNK,0,64.24,1.27,0,9,UNK,DLIT
1708284,2016-10-09,19:00:00,SUNDAY,Portland NE,1,301.5,45.525803,-122.665444,MN,STRGHT,PACIFIC HY I-5,9448,6,PDO,776.00,49.50,Light Rain,RAIN,0.0532,52.72,1.19,1,9,WET,DLIT
1709004,2016-10-02,11:00:00,SUNDAY,Portland N,1,304.5,45.559728,-122.678147,CN,STRGHT,NB EF MISSOURI C1,1572,1,PDO,1184.00,62.00,Light Rain,CLD,0.0159,54.51,0.91,1,9,WET,DAY
1709015,2016-10-10,00:00:00,MONDAY,Portland N,1,307.5,45.6113,-122.679703,CN,TRANS,SB EF JANTZN BCH C5,432,2,PDO,181.00,62.67,Light Rain,CLR,0.0167,52.18,2.92,1,9,DRY,DAY
1709080,2016-10-03,15:00:00,MONDAY,Portland N,1,303.5,45.549219,-122.678753,MN,STRGHT,PACIFIC HY I-5,9430,8,PDO,826.00,44.50,Overcast,RAIN,0,57.57,2.27,1,9,WET,DAY
1709139,2016-10-12,17:00:00,WEDNESDAY,Portland N,1,305,45.571358,-122.678178,CN,STRGHT,NB EF PTLD BLVD C2,322,1,PDO,881.00,12.50,Clear,CLR,0,63.87,6.93,0.16,9,DRY,DAY
1709481,2016-10-11,15:00:00,TUESDAY,Portland SW,1,300,45.502872,-122.674528,MN,STRGHT,SB EF MARQUAM BR,9496,2,PDO,584.00,10.50,Clear,CLR,0,62.97,5.19,0,9,UNK,DAY
1710060,2016-10-17,15:00:00,MONDAY,Portland SE,1,301,45.519494,-122.665922,CN,STRGHT,NB EF MORRISN BR C3,9451,1,PDO,771.00,24.00,Possible Drizzle,CLR,0.003,57.39,3.29,0.83,9,DRY,DAY
1710494,2016-11-23,11:00:00,WEDNESDAY,Portland N,1,302.5,45.538731,-122.670036,MN,STRGHT,PACIFIC HY I-5,9432,6,PDO,1115.00,34.00,Light Rain,UNK,0.0259,46.07,4.32,1,9,UNK,DAY
1710590,2016-10-08,18:00:00,SATURDAY,Portland SE,1,301,45.514089,-122.667919,MN,STRGHT,MARQUAM BRIDGE,9452,6,PDO,938.00,50.50,Mostly Cloudy,CLR,0,66.07,0.82,0.73,9,DRY,DAY
1710644,2016-10-05,08:00:00,WEDNESDAY,Portland N,1,303.5,45.550206,-122.678753,MN,STRGHT,PACIFIC HY I-5,9430,8,PDO,784.00,60.00,Possible Drizzle,RAIN,0.007,53.55,3.75,1,9,WET,DAY
1710654,2016-10-19,16:00:00,WEDNESDAY,Portland N,1,304.5,45.563219,-122.678697,MN,STRGHT,PACIFIC HY I-5,9424,6,PDO,505.00,9.50,Overcast,CLR,0,59.91,4.03,0.96,9,WET,DAY
1710716,2016-10-22,03:00:00,SATURDAY,Portland N,1,307,45.599331,-122.684247,MN,STRGHT,PACIFIC HY I-5,609,6,PDO,167.00,30.00,Mostly Cloudy,CLR,0,51,0.16,0.82,9,WET,DARK
1710726,2016-10-22,14:00:00,SATURDAY,Portland N,1,308,45.616247,-122.676564,MN,BRIDGE,PACIFIC HY I-5,9456,6,PDO,1195.00,20.33,Clear,CLR,0,60.28,2.14,0,9,DRY,DAY
1710732,2016-10-19,19:00:00,WEDNESDAY,Portland NE,1,302,45.529325,-122.665367,MN,STRGHT,PACIFIC HY I-5,9436,6,PDO,930.00,47.50,Overcast,RAIN,0,55.95,2.92,1,9,WET,DLIT
1710780,2016-10-13,18:00:00,THURSDAY,Portland NE,1,301.5,45.523811,-122.665525,MN,STRGHT,PACIFIC HY I-5,9436,6,PDO,864.00,18.00,Light Rain,RAIN,0.0944,53.98,4.92,1,7,WET,DLIT
1711207,2016-10-31,17:00:00,MONDAY,Portland SW,1,300,45.501003,-122.673936,MN,STRGHT,SB EF MARQUAM BR,9496,2,INJ,873.00,11.50,Overcast,CLR,0,56.68,0.91,1,9,DRY,DAY
1711327,2016-10-29,11:00:00,SATURDAY,Portland N,1,303.5,45.549078,-122.678753,MN,STRGHT,PACIFIC HY I-5,9430,8,PDO,1070.00,60.50,Mostly Cloudy,CLR,0,55.77,4.92,0.85,9,DRY,DAY
1711399,2016-10-29,11:00:00,SATURDAY,Portland Bridges,1,300.5,45.507378,-122.670128,MN,BRIDGE,MARQUAM BRIDGE,9551,3,PDO,500.00,59.33,Mostly Cloudy,CLR,0,55.77,4.92,0.85,9,DRY,DAY
1711482,2016-10-31,05:00:00,MONDAY,Portland N,1,305.5,45.577225,-122.6775,CN,INTER,N LOMBARD ST,9418,1,PDO,621.00,62.67,Light Rain,RAIN,0.026,54.7,8.96,1,9,WET,DLIT
1711524,2016-10-26,07:00:00,WEDNESDAY,Portland N,1,307.5,45.605267,-122.682503,MN,STRGHT,PACIFIC HY I-5,9902,6,PDO,751.00,57.67,Light Rain,RAIN,0.0639,55.59,2.92,1,7,WET,DAY
1711761,2016-11-08,00:00:00,TUESDAY,Portland N,1,304,45.557564,-122.678697,MN,STRGHT,PACIFIC HY I-5,9425,6,PDO,184.00,57.50,Clear,CLR,0,55.32,6.03,0,9,DRY,DAY
1711873,2016-11-09,18:00:00,WEDNESDAY,Portland SE,1,301,45.518539,-122.665989,CN,BRIDGE,NB EF MORRISN BR C3,9503,1,PDO,44.00,47.00,Clear,CLD,0,59.01,0.36,0,9,DRY,DUSK
1712132,2016-11-02,07:00:00,WEDNESDAY,Portland Bridges,1,300.5,45.508219,-122.668672,MN,BRIDGE,MARQUAM BRIDGE,9453,8,PDO,183.00,27.67,Overcast,CLR,0.0008,52.9,0.91,1,9,DRY,DAY
1712214,2016-11-09,06:00:00,WEDNESDAY,Portland N,1,308,45.616508,-122.676411,MN,BRIDGE,PACIFIC HY I-5,9458,3,PDO,602.00,57.33,Possible Drizzle,RAIN,0.0062,53.98,2.92,1,5,WET,DARK
1712225,2016-11-09,17:00:00,WEDNESDAY,Portland Bridges,1,300.5,45.508219,-122.668672,MN,BRIDGE,MARQUAM BRIDGE,9551,3,PDO,337.00,35.00,Clear,CLR,0,60.82,0.59,0,9,DRY,DUSK
1712365,2016-11-05,09:00:00,SATURDAY,Portland N,1,305.5,45.569911,-122.679603,CN,INTER,N ROSA PARKS WY,9420,,PDO,1053.00,60.33,Possible Drizzle,RAIN,0.0044,55.77,2.01,1,8,WET,DAY
1712375,2016-11-04,11:00:00,FRIDAY,Portland NE,1,301.5,45.525956,-122.665436,MN,STRGHT,PACIFIC HY I-5,9448,6,PDO,881.00,26.50,Partly Cloudy,UNK,0,53.61,1.68,0.32,4,UNK,DAY
1712414,2016-11-04,02:00:00,FRIDAY,Portland NE,1,301.5,45.525222,-122.662197,CN,STRGHT,NB EXTO BANFIELD C1,305,2,PDO,99.00,57.00,Clear,CLR,0,51.01,0.66,0.2,6,DRY,DLIT
1712594,2016-11-11,17:00:00,FRIDAY,Portland Bridges,1,300.5,45.507753,-122.669481,MN,BRIDGE,MARQUAM BRIDGE,9551,3,PDO,330.00,56.00,Mostly Cloudy,CLR,0,61.53,1.28,0.61,9,DRY,DLIT
1712953,2016-11-15,17:00:00,TUESDAY,Portland N,1,302.5,45.535656,-122.667444,MN,STRGHT,PACIFIC HY I-5,9432,6,PDO,854.00,23.00,Mostly Cloudy,CLR,0.002,47.68,1.88,0.76,9,DRY,DUSK
1713128,2016-11-06,17:00:00,SUNDAY,Portland NE,1,302,45.528903,-122.665375,MN,STRGHT,PACIFIC HY I-5,9436,6,PDO,1108.00,49.50,Mostly Cloudy,CLR,0,57.96,0.58,0.75,9,DRY,DLIT
1713214,2016-11-06,00:00:00,SUNDAY,Portland NE,1,302,45.527781,-122.66535,MN,STRGHT,PACIFIC HY I-5,9436,4,PDO,352.00,57.50,Light Rain,CLR,0.0346,53.24,4.03,1,9,DRY,DAY
1713287,2016-11-14,11:00:00,MONDAY,Portland N,1,304,45.553875,-122.678344,CN,CURVE,PACIFIC HY I-5,9428,2,PDO,1059.00,46.00,Drizzle,CLR,0.0135,55.23,1.37,1,9,DRY,DAY
1713290,2016-11-26,17:00:00,SATURDAY,Portland N,1,302.5,45.536644,-122.668264,MN,STRGHT,PACIFIC HY I-5,9432,6,PDO,1160.00,40.00,Possible Drizzle,RAIN,0.0012,50.56,2.96,1,9,WET,DLIT
1713396,2016-11-25,19:00:00,FRIDAY,Portland SE,1,300.5,45.509206,-122.667119,MN,BRIDGE,PACIFIC HY I-5,9460,3,PDO,288.00,58.00,Overcast,CLR,0,50.2,0.91,1,9,WET,DLIT
1713517,2016-11-26,18:00:00,SATURDAY,Portland N,1,304.5,45.563069,-122.678692,MN,STRGHT,PACIFIC HY I-5,9424,6,PDO,951.00,48.50,Light Rain,RAIN,0.0305,47.87,4.92,1,6,WET,DUSK
1713660,2016-11-17,07:00:00,THURSDAY,Portland NE,1,302.5,45.534369,-122.665719,CN,INTER,NE WEIDLER ST,9434,,PDO,1528.00,45.00,Overcast,RAIN,0,45.88,2.92,1,9,WET,DAWN
1713806,2016-11-29,18:00:00,TUESDAY,Portland N,1,303.5,45.549219,-122.678753,MN,STRGHT,PACIFIC HY I-5,9430,8,PDO,658.00,44.50,Clear,UNK,0,45.42,0.57,0.17,9,UNK,DUSK
1713811,2016-11-16,16:00:00,WEDNESDAY,Portland SW,1,299.5,45.497369,-122.673486,MN,STRGHT,PACIFIC HY I-5,9493,8,PDO,821.00,19.33,Mostly Cloudy,UNK,0,50.37,4.03,0.75,9,UNK,DAY
1713943,2016-11-19,23:00:00,SATURDAY,Portland N,1,308,45.611331,-122.678675,CN,CURVE,NB EF JANTZN BCH C2,322,2,PDO,418.00,58.00,Overcast,RAIN,0,52,0.91,1,9,WET,DLIT
1713981,2016-12-10,00:00:00,SATURDAY,Portland N,1,307.5,45.604175,-122.685197,CN,CURVE,EB EXTO MARINE DR,9902,1,PDO,191.00,59.67,Possible Drizzle,CLR,0.0154,34.16,0.16,1,6,ICE,DAY
1714064,2016-11-19,14:00:00,SATURDAY,Portland SW,1,299.5,45.497647,-122.673478,MN,STRGHT,PACIFIC HY I-5,9493,8,PDO,1077.00,40.33,Overcast,RAIN,0,53.79,6.93,1,9,WET,DAY
1714115,2016-11-19,16:00:00,SATURDAY,Portland N,1,304,45.559053,-122.678675,MN,STRGHT,PACIFIC HY I-5,9425,6,PDO,1205.00,43.50,Possible Drizzle,RAIN,0.0037,52,6.03,1,9,WET,DUSK
1714118,2016-11-19,17:00:00,SATURDAY,Portland NE,1,301.5,45.523572,-122.665536,MN,STRGHT,PACIFIC HY I-5,9448,6,PDO,877.00,42.00,Possible Drizzle,RAIN,0.0066,50.91,4.92,1,9,WET,DLIT
1714176,2016-12-14,20:00:00,WEDNESDAY,Portland SW,1,300,45.4975,-122.673825,CN,INTER,SW HOOD AVE,9496,,PDO,371.00,17.00,Overcast,SNOW,0,28.61,8.05,1,8,ICE,DARK
1714463,2016-12-02,13:00:00,FRIDAY,Portland SE,1,300.5,45.509206,-122.667119,MN,BRIDGE,PACIFIC HY I-5,9460,3,PDO,399.00,56.33,Possible Drizzle,CLR,0.0038,44.62,1.55,1,9,DRY,DAY
1714569,2016-12-03,19:00:00,SATURDAY,Portland N,1,302.5,45.535656,-122.667444,MN,STRGHT,PACIFIC HY I-5,9432,6,PDO,1118.00,46.50,Overcast,RAIN,0.0005,47.77,2.47,1,9,WET,DLIT
1714813,2016-12-05,15:00:00,MONDAY,Portland NE,1,301.5,45.525014,-122.663575,CN,BRIDGE,NB EXTO BANFIELD C1,9436,2,PDO,933.00,51.00,Possible Light Sleet,CLR,0.0036,38.31,1.7,1,9,WET,DAY
1715140,2016-11-24,13:00:00,THURSDAY,Portland SW,1,299.5,45.497231,-122.673489,MN,STRGHT,PACIFIC HY I-5,9493,6,PDO,872.00,49.67,Rain,RAIN,0.2098,47.67,8.05,1,5,WET,DAY
1715280,2016-12-14,00:00:00,WEDNESDAY,Portland N,1,303,45.541661,-122.672147,CN,STRGHT,NB EX FREMONT BR C1,322,2,PDO,3278.00,60.50,Clear,SNOW,0,34.92,6.03,0,9,ICE,DAY
1715933,2016-12-30,16:00:00,FRIDAY,Portland NE,1,302,45.529956,-122.665356,MN,STRGHT,PACIFIC HY I-5,9435,6,PDO,835.00,19.00,Clear,CLR,0,43.71,1.9,0.11,9,DRY,DAY
1715939,2016-12-30,14:00:00,FRIDAY,Portland N,1,302.5,45.5397,-122.670836,MN,STRGHT,PACIFIC HY I-5,9432,6,PDO,1218.00,51.50,Mostly Cloudy,CLR,0,43.89,2.92,0.81,9,DRY,DAY
1716120,2016-12-28,23:00:00,WEDNESDAY,Portland N,1,303.5,45.549503,-122.678753,MN,STRGHT,PACIFIC HY I-5,9431,8,PDO,450.00,61.00,Overcast,CLR,0,40.17,0.91,0.89,8,ICE,DLIT
1716133,2016-12-23,16:00:00,FRIDAY,Portland N,1,304.5,45.561719,-122.678258,CN,STRGHT,NB EF MISSOURI C1,322,1,PDO,1023.00,20.00,Overcast,CLR,0,43.53,0.24,1,9,DRY,DAY
1716139,2016-12-23,18:00:00,FRIDAY,Portland N,1,308,45.613242,-122.679056,CN,INTER,NB EX JANTZN BCH C1,9457,,PDO,948.00,54.00,Mostly Cloudy,UNK,0,40.14,0.22,0.75,9,WET,DLIT
1716277,2016-12-13,18:00:00,TUESDAY,Portland Bridges,1,300.5,45.508686,-122.667861,MN,BRIDGE,MARQUAM BRIDGE,9452,3,PDO,483.00,52.33,Clear,CLR,0,35.29,8.05,0.07,9,DRY,DLIT
1716531,2016-12-14,17:00:00,WEDNESDAY,Portland N,1,307,45.584069,-122.675378,CN,INTER,N COLUMBIA BLVD,9414,,PDO,228.00,3.00,Foggy,SNOW,0,27.17,12.07,1,1,ICE,DLIT
